INSERT INTO unit (id, unit) VALUES (1, 'ml');
INSERT INTO unit (id, unit) VALUES (2, 'mg');
INSERT INTO unit (id, unit) VALUES (3, 'g');
INSERT INTO unit (id, unit) VALUES (4, 'szt.');
INSERT INTO unit (id, unit) VALUES (5, 'l');
INSERT INTO unit (id, unit) VALUES (6, 'mcg');
INSERT INTO unit (id, unit) VALUES (7, 'mg/ml');
INSERT INTO unit (id, unit) VALUES (8, 'l');
INSERT INTO unit (id, unit) VALUES (9, '%');
INSERT INTO unit (id, unit) VALUES (10, 'kg');
INSERT INTO unit (id, unit) VALUES (11, 'ml');
INSERT INTO unit (id, unit) VALUES (12, 'op.');

INSERT INTO product_qualification (id, category_name) VALUES (1, 'Oryginalny');
INSERT INTO product_qualification (id, category_name) VALUES (2, 'WEU');
INSERT INTO product_qualification (id, category_name) VALUES (3, 'Generyk');
INSERT INTO product_qualification (id, category_name) VALUES (4, 'Biologiczny');
INSERT INTO product_qualification (id, category_name) VALUES (5, 'Hybrydowy');
INSERT INTO product_qualification (id, category_name) VALUES (6, 'Informed Consent');
INSERT INTO product_qualification (id, category_name) VALUES (7, 'Tradycyjny produkt leczniczy roślinny');
INSERT INTO product_qualification (id, category_name) VALUES (8, 'Homeopatyczny');
INSERT INTO product_qualification (id, category_name) VALUES (9, 'Immunologiczny');
INSERT INTO product_qualification (id, category_name) VALUES (10, 'Krwiopochodny');
INSERT INTO product_qualification (id, category_name) VALUES (11, 'Radiofarmaceutyczny');
INSERT INTO product_qualification (id, category_name) VALUES (12, 'Farmakopealny');
INSERT INTO product_qualification (id, category_name) VALUES (13, 'Surowiec farmaceutyczny');
INSERT INTO product_qualification (id, category_name) VALUES (14, 'Znane subst. czynne w niestosowanym składzie');
INSERT INTO product_qualification (id, category_name) VALUES (15, 'Inne');

INSERT INTO product_status (id, product_status) VALUES (1, 'Produkt leczniczy');
INSERT INTO product_status (id, product_status) VALUES (2, 'Wyrób medyczny klasy I');
INSERT INTO product_status (id, product_status) VALUES (3, 'Wyrób medyczny klasy II');
INSERT INTO product_status (id, product_status) VALUES (4, 'Wyrób medyczny klasy III');
INSERT INTO product_status (id, product_status) VALUES (5, 'Kosmetyki');
INSERT INTO product_status (id, product_status) VALUES (6, 'Suplementy diety');
INSERT INTO product_status (id, product_status) VALUES (7, 'Inne');

INSERT INTO client (id, name, adress) VALUES (1, 'HansFirma', 'Strasse 12, Hamburg, Niemcy');
INSERT INTO client (id, name, adress) VALUES (2, 'Kogucik', 'Jakaś Ulica 22, Grabki Małe 55-879, Polska');
INSERT INTO client (id, name, adress) VALUES (3, 'TakaToFirma', 'TakaToUlica 456, Tokio, Japonia');
INSERT INTO client (id, name, adress) VALUES (4, 'PięknaFirma', 'MoulinRouge 87, Paryż, Francja');
INSERT INTO client (id, name, adress) VALUES (5, 'Letadlo', 'Hranolki 15, Praga, Czechy');

INSERT INTO assessment (id, assessment_no, registration_country_id, destined_product_status_id, availability_status, required_prod_qualification_id, ordering_person_id, status_id, order_date, s_module, clinical_module, nonclinical_module, quality_module)
VALUES (1, '0001/A/2018', 61, 1, 'RX', 3, 2, 7, '2018-02-15', TRUE, TRUE, TRUE, TRUE);
INSERT INTO assessment (id, assessment_no, registration_country_id, destined_product_status_id, availability_status, required_prod_qualification_id, ordering_person_id, status_id, order_date, s_module, clinical_module, nonclinical_module, quality_module)
VALUES (2, '0002/A/2018', 241, 3, 'NA', null, 2, 10, '2018-04-03', FALSE, FALSE, FALSE, FALSE);
INSERT INTO assessment (id, assessment_no, registration_country_id, destined_product_status_id, availability_status, required_prod_qualification_id, ordering_person_id, status_id, order_date, s_module, clinical_module, nonclinical_module, quality_module)
VALUES (3, '0003/A/2018', 144, 2, 'NA', null, 2, 11, '2018-05-20', FALSE, FALSE, FALSE, FALSE);
INSERT INTO assessment (id, assessment_no, registration_country_id, destined_product_status_id, availability_status, required_prod_qualification_id, ordering_person_id, status_id, order_date, s_module, clinical_module, nonclinical_module, quality_module)
VALUES (4, '0004/A/2018', 61, 1, 'OTC', 3, 2, 10, '2018-07-11', FALSE, TRUE , TRUE, FALSE);
INSERT INTO assessment (id, assessment_no, registration_country_id, destined_product_status_id, availability_status, required_prod_qualification_id, ordering_person_id, status_id, order_date, s_module, clinical_module, nonclinical_module, quality_module)
VALUES (5, '0005/A/2018', 241, 2, 'NA', null, 2, 10, '2018-08-02', FALSE, FALSE, FALSE, FALSE);
INSERT INTO assessment (id, assessment_no, registration_country_id, destined_product_status_id, availability_status, required_prod_qualification_id, ordering_person_id, status_id, order_date, s_module, clinical_module, nonclinical_module, quality_module)
VALUES (6, '0006/A/2018', 61, 2, 'NA', null, 2, 9, '2018-08-22', FALSE, FALSE, FALSE, FALSE);

INSERT INTO process (id, order_no, product_id, destined_product_name, product_qualification_id, one_order_amount, one_order_unit_id, annual_order_amount, annual_order_unit_id, contact_person_name, contact_person_data, agency_adress, status_id, client_id, order_owner_id, model_cooperation, order_date)
VALUES (1, '0001/O/2018', 3, 'NowyEkstra Na Cos', 4, 5000, 2, 30000, 2, 'Jakis Gosc','tel 66897451215, mail j.gosc@firma.com Business Development', 'ul. Balicka 95
30-149 Kraków', 2, 3, 1, 'Distribution', '2018-02-15');
INSERT INTO process (id, order_no, product_id, destined_product_name, product_qualification_id, one_order_amount, one_order_unit_id, annual_order_amount, annual_order_unit_id, contact_person_name, contact_person_data, agency_adress, status_id, client_id, order_owner_id, model_cooperation, order_date)
VALUES (2, '0002/O/2018', 2, 'Jescze Cos Lepszego', null, 500, 2, 3000, 2, 'Kolejna Babka','tel 4445556666, mail k.babka@nowy.com Project Coordinator', 'ul. Wysoka 200
3220-149 Barcelona', 6, 5, 5, 'Licence', '2018-04-03');
INSERT INTO process (id, order_no, product_id, destined_product_name, product_qualification_id, one_order_amount, one_order_unit_id, annual_order_amount, annual_order_unit_id, contact_person_name, contact_person_data, agency_adress, status_id, client_id, order_owner_id, model_cooperation, order_date)
VALUES (3, '0003/O/2018', 5, 'Total turbo extra', null, 15000, 2, 100000, 2, 'Inny facet','tel 1111111555, mail i.facet@hura.pl Project Manager', 'ul. Balicka 95
2130-29 Hamburg', 7, 1, 6, 'Distribution', '2018-05-20');
INSERT INTO process (id, order_no, product_id, destined_product_name, product_qualification_id, one_order_amount, one_order_unit_id, annual_order_amount, annual_order_unit_id, contact_person_name, contact_person_data, agency_adress, status_id, client_id, order_owner_id, model_cooperation, order_date)
VALUES (4, '0004/O/2018', 1, 'Hiperasne cos', 3, 15000, 2, 100000, 2, 'Kolejny ktoś','tel 34242123423, mail asa.ssssss@olele.com Business Manager', 'ul. Jakas 95
2130-29 Hamburg', 7, 1, 6, 'Distribution', '2018-05-20');


INSERT INTO product (id, name, drug_form, technological_code, item_no, product_status_id) VALUES (1, 'Ibuprofen 200mg, kaps miekkie', 'kapsułki miękkie', 'XYZ02611', 'E1117Z11160BB', 1);
INSERT INTO product (id, name, drug_form, technological_code, item_no, product_status_id) VALUES (2, 'Paracetamol Forte, kaps. miekkie', 'kapsułki miękkie', 'QWE01411', 'D2228P44320QQ', 2);
INSERT INTO product (id, name, drug_form, technological_code, item_no, product_status_id) VALUES (3, 'Hydroxyzinum 10mg, tabletki', 'tabletki', 'POI06613', 'Q0234FF1130ZZ', 1);
INSERT INTO product (id, name, drug_form, technological_code, item_no, product_status_id) VALUES (4, 'Diclofenacum, żel', 'żel', 'ASD01106', 'Z0120J00030SS', 1);
INSERT INTO product (id, name, drug_form, technological_code, item_no, product_status_id) VALUES (5, 'Ceterizini, syrop', 'syrop', 'LKJ02221', 'W0027T00100AS', 4);

INSERT INTO country (id, country_name, code) VALUES (1, 'Afghanistan', 'AF');
INSERT INTO country (id, country_name, code) VALUES (2, 'Aland Islands', 'AX');
INSERT INTO country (id, country_name, code) VALUES (3, 'Albania', 'AL');
INSERT INTO country (id, country_name, code) VALUES (4, 'Algeria', 'DZ');
INSERT INTO country (id, country_name, code) VALUES (5, 'American Samoa', 'AS');
INSERT INTO country (id, country_name, code) VALUES (6, 'Andorra', 'AD');
INSERT INTO country (id, country_name, code) VALUES (7, 'Angola', 'AO');
INSERT INTO country (id, country_name, code) VALUES (8, 'Anguilla', 'AI');
INSERT INTO country (id, country_name, code) VALUES (9, 'Antarctica', 'AQ');
INSERT INTO country (id, country_name, code) VALUES (10, 'Antigua & Barbuda', 'AG');
INSERT INTO country (id, country_name, code) VALUES (11, 'Argentina', 'AR');
INSERT INTO country (id, country_name, code) VALUES (12, 'Armenia', 'AM');
INSERT INTO country (id, country_name, code) VALUES (13, 'Aruba', 'AW');
INSERT INTO country (id, country_name, code) VALUES (14, 'Australia', 'AU');
INSERT INTO country (id, country_name, code) VALUES (15, 'Austria', 'AT');
INSERT INTO country (id, country_name, code) VALUES (16, 'Azerbaijan', 'AZ');
INSERT INTO country (id, country_name, code) VALUES (17, 'Bahamas, The', 'BS');
INSERT INTO country (id, country_name, code) VALUES (18, 'Bahrain', 'BH');
INSERT INTO country (id, country_name, code) VALUES (19, 'Bangladesh', 'BD');
INSERT INTO country (id, country_name, code) VALUES (20, 'Barbados', 'BB');
INSERT INTO country (id, country_name, code) VALUES (21, 'Belarus', 'BY');
INSERT INTO country (id, country_name, code) VALUES (22, 'Belgium', 'BE');
INSERT INTO country (id, country_name, code) VALUES (23, 'Belize', 'BZ');
INSERT INTO country (id, country_name, code) VALUES (24, 'Benin', 'BJ');
INSERT INTO country (id, country_name, code) VALUES (25, 'Bermuda', 'BM');
INSERT INTO country (id, country_name, code) VALUES (26, 'Bhutan', 'BT');
INSERT INTO country (id, country_name, code) VALUES (27, 'Bolivia', 'BO');
INSERT INTO country (id, country_name, code) VALUES (28, 'Bonaire, St.Eustat, Saba', 'BQ');
INSERT INTO country (id, country_name, code) VALUES (29, 'Bosnia and Herzegovina', 'BA');
INSERT INTO country (id, country_name, code) VALUES (30, 'Botswana', 'BW');
INSERT INTO country (id, country_name, code) VALUES (31, 'Bouvet Island', 'BV');
INSERT INTO country (id, country_name, code) VALUES (32, 'Brazil', 'BR');
INSERT INTO country (id, country_name, code) VALUES (33, 'British Indian Ocean T.', 'IO');
INSERT INTO country (id, country_name, code) VALUES (34, 'British Virgin Islands', 'VG');
INSERT INTO country (id, country_name, code) VALUES (35, 'Brunei Darussalam', 'BN');
INSERT INTO country (id, country_name, code) VALUES (36, 'Bulgaria', 'BG');
INSERT INTO country (id, country_name, code) VALUES (37, 'Burkina Faso', 'BF');
INSERT INTO country (id, country_name, code) VALUES (38, 'Burundi', 'BI');
INSERT INTO country (id, country_name, code) VALUES (39, 'Cabo Verde', 'CV');
INSERT INTO country (id, country_name, code) VALUES (40, 'Cambodia', 'KH');
INSERT INTO country (id, country_name, code) VALUES (41, 'Cameroon', 'CM');
INSERT INTO country (id, country_name, code) VALUES (42, 'Canada', 'CA');
INSERT INTO country (id, country_name, code) VALUES (43, 'Cayman Islands', 'KY');
INSERT INTO country (id, country_name, code) VALUES (44, 'Central African Republic', 'CF');
INSERT INTO country (id, country_name, code) VALUES (45, 'Chad', 'TD');
INSERT INTO country (id, country_name, code) VALUES (46, 'Chile', 'CL');
INSERT INTO country (id, country_name, code) VALUES (47, 'China', 'CN');
INSERT INTO country (id, country_name, code) VALUES (48, 'Christmas Island', 'CX');
INSERT INTO country (id, country_name, code) VALUES (49, 'Cocos (Keeling) Islands', 'CC');
INSERT INTO country (id, country_name, code) VALUES (50, 'Colombia', 'CO');
INSERT INTO country (id, country_name, code) VALUES (51, 'Comoros', 'KM');
INSERT INTO country (id, country_name, code) VALUES (52, 'Congo', 'CG');
INSERT INTO country (id, country_name, code) VALUES (53, 'Congo, Dem. Rep. of the', 'CD');
INSERT INTO country (id, country_name, code) VALUES (54, 'Cook Islands', 'CK');
INSERT INTO country (id, country_name, code) VALUES (55, 'Costa Rica', 'CR');
INSERT INTO country (id, country_name, code) VALUES (56, 'Cote D Ivoire', 'CI');
INSERT INTO country (id, country_name, code) VALUES (57, 'Croatia', 'HR');
INSERT INTO country (id, country_name, code) VALUES (58, 'Cuba', 'CU');
INSERT INTO country (id, country_name, code) VALUES (59, 'Curaçao', 'CW');
INSERT INTO country (id, country_name, code) VALUES (60, 'Cyprus', 'CY');
INSERT INTO country (id, country_name, code) VALUES (61, 'Czech Republic', 'CZ');
INSERT INTO country (id, country_name, code) VALUES (62, 'Denmark', 'DK');
INSERT INTO country (id, country_name, code) VALUES (63, 'Djibouti', 'DJ');
INSERT INTO country (id, country_name, code) VALUES (64, 'Dominica', 'DM');
INSERT INTO country (id, country_name, code) VALUES (65, 'Dominican Republic', 'DO');
INSERT INTO country (id, country_name, code) VALUES (66, 'East Timor (Timor-Leste)', 'TP');
INSERT INTO country (id, country_name, code) VALUES (67, 'Ecuador', 'EC');
INSERT INTO country (id, country_name, code) VALUES (68, 'Egypt', 'EG');
INSERT INTO country (id, country_name, code) VALUES (69, 'El Salvador', 'SV');
INSERT INTO country (id, country_name, code) VALUES (70, 'Equatorial Guinea', 'GQ');
INSERT INTO country (id, country_name, code) VALUES (71, 'Eritrea', 'ER');
INSERT INTO country (id, country_name, code) VALUES (72, 'Estonia', 'EE');
INSERT INTO country (id, country_name, code) VALUES (73, 'Ethiopia', 'ET');
INSERT INTO country (id, country_name, code) VALUES (74, 'European Union', 'EU');
INSERT INTO country (id, country_name, code) VALUES (75, 'Falkland Is. (Malvinas)', 'FK');
INSERT INTO country (id, country_name, code) VALUES (76, 'Faroe Islands', 'FO');
INSERT INTO country (id, country_name, code) VALUES (77, 'Fiji', 'FJ');
INSERT INTO country (id, country_name, code) VALUES (78, 'Finland', 'FI');
INSERT INTO country (id, country_name, code) VALUES (79, 'France', 'FR');
INSERT INTO country (id, country_name, code) VALUES (80, 'French Guiana', 'GF');
INSERT INTO country (id, country_name, code) VALUES (81, 'French Polynesia', 'PF');
INSERT INTO country (id, country_name, code) VALUES (82, 'French Southern Terr.', 'TF');
INSERT INTO country (id, country_name, code) VALUES (83, 'Gabon', 'GA');
INSERT INTO country (id, country_name, code) VALUES (84, 'Gambia, the', 'GM');
INSERT INTO country (id, country_name, code) VALUES (85, 'Georgia', 'GE');
INSERT INTO country (id, country_name, code) VALUES (86, 'Germany', 'DE');
INSERT INTO country (id, country_name, code) VALUES (87, 'Ghana', 'GH');
INSERT INTO country (id, country_name, code) VALUES (88, 'Gibraltar', 'GI');
INSERT INTO country (id, country_name, code) VALUES (89, 'Greece', 'GR');
INSERT INTO country (id, country_name, code) VALUES (90, 'Greenland', 'GL');
INSERT INTO country (id, country_name, code) VALUES (91, 'Grenada', 'GD');
INSERT INTO country (id, country_name, code) VALUES (92, 'Guadeloupe', 'GP');
INSERT INTO country (id, country_name, code) VALUES (93, 'Guam', 'GU');
INSERT INTO country (id, country_name, code) VALUES (94, 'Guatemala', 'GT');
INSERT INTO country (id, country_name, code) VALUES (95, 'Guernsey and Alderney', 'GG');
INSERT INTO country (id, country_name, code) VALUES (96, 'Guiana, French', 'GF');
INSERT INTO country (id, country_name, code) VALUES (97, 'Guinea', 'GN');
INSERT INTO country (id, country_name, code) VALUES (98, 'Guinea-Bissau', 'GW');
INSERT INTO country (id, country_name, code) VALUES (99, 'Guinea, Equatorial', 'GP');
INSERT INTO country (id, country_name, code) VALUES (100, 'Guyana', 'GY');
INSERT INTO country (id, country_name, code) VALUES (101, 'Haiti', 'HT');
INSERT INTO country (id, country_name, code) VALUES (102, 'Heard & McDonald Is.', 'HM');
INSERT INTO country (id, country_name, code) VALUES (103, 'Holy See (Vatican)', 'VA');
INSERT INTO country (id, country_name, code) VALUES (104, 'Honduras', 'HN');
INSERT INTO country (id, country_name, code) VALUES (105, 'Hong Kong, (China)', 'HK');
INSERT INTO country (id, country_name, code) VALUES (106, 'Hungary', 'HU');
INSERT INTO country (id, country_name, code) VALUES (107, 'Iceland', 'IS');
INSERT INTO country (id, country_name, code) VALUES (108, 'India', 'IN');
INSERT INTO country (id, country_name, code) VALUES (109, 'Indonesia', 'ID');
INSERT INTO country (id, country_name, code) VALUES (110, 'Iran, Islamic Republic of', 'IR');
INSERT INTO country (id, country_name, code) VALUES (111, 'Iraq', 'IQ');
INSERT INTO country (id, country_name, code) VALUES (112, 'Ireland', 'IE');
INSERT INTO country (id, country_name, code) VALUES (113, 'Israel', 'IL');
INSERT INTO country (id, country_name, code) VALUES (114, 'Italy', 'IT');
INSERT INTO country (id, country_name, code) VALUES (115, 'Ivory Coast (Cote d Ivoire)', 'CI');
INSERT INTO country (id, country_name, code) VALUES (116, 'Jamaica', 'JM');
INSERT INTO country (id, country_name, code) VALUES (117, 'Japan', 'JP');
INSERT INTO country (id, country_name, code) VALUES (118, 'Jersey', 'JE');
INSERT INTO country (id, country_name, code) VALUES (119, 'Jordan', 'JO');
INSERT INTO country (id, country_name, code) VALUES (120, 'Kazakhstan', 'KZ');
INSERT INTO country (id, country_name, code) VALUES (121, 'Kenya', 'KE');
INSERT INTO country (id, country_name, code) VALUES (122, 'Kiribati', 'KI');
INSERT INTO country (id, country_name, code) VALUES (123, 'Korea Dem. Peoples Rep.', 'KP');
INSERT INTO country (id, country_name, code) VALUES (124, 'Korea, (South) Republic of', 'KR');
INSERT INTO country (id, country_name, code) VALUES (125, 'Kosovo', 'KV');
INSERT INTO country (id, country_name, code) VALUES (126, 'Kuwait', 'KW');
INSERT INTO country (id, country_name, code) VALUES (127, 'Kyrgyzstan', 'KG');
INSERT INTO country (id, country_name, code) VALUES (128, 'Lao Peoples Dem. Rep.', 'LA');
INSERT INTO country (id, country_name, code) VALUES (129, 'Latvia', 'LV');
INSERT INTO country (id, country_name, code) VALUES (130, 'Lebanon', 'LB');
INSERT INTO country (id, country_name, code) VALUES (131, 'Lesotho', 'LS');
INSERT INTO country (id, country_name, code) VALUES (132, 'Liberia', 'LR');
INSERT INTO country (id, country_name, code) VALUES (133, 'Libyan Arab Jamahiriya', 'LY');
INSERT INTO country (id, country_name, code) VALUES (134, 'Liechtenstein', 'LI');
INSERT INTO country (id, country_name, code) VALUES (135, 'Lithuania', 'LT');
INSERT INTO country (id, country_name, code) VALUES (136, 'Luxembourg', 'LU');
INSERT INTO country (id, country_name, code) VALUES (137, 'Macao, (China)', 'MO');
INSERT INTO country (id, country_name, code) VALUES (138, 'Macedonia, TFYR', 'MK');
INSERT INTO country (id, country_name, code) VALUES (139, 'Madagascar', 'MG');
INSERT INTO country (id, country_name, code) VALUES (140, 'Malawi', 'MW');
INSERT INTO country (id, country_name, code) VALUES (141, 'Malaysia', 'MY');
INSERT INTO country (id, country_name, code) VALUES (142, 'Maldives', 'MV');
INSERT INTO country (id, country_name, code) VALUES (143, 'Mali', 'ML');
INSERT INTO country (id, country_name, code) VALUES (144, 'Malta', 'MT');
INSERT INTO country (id, country_name, code) VALUES (145, 'Man, Isle of', 'IM');
INSERT INTO country (id, country_name, code) VALUES (146, 'Marshall Islands', 'MH');
INSERT INTO country (id, country_name, code) VALUES (147, 'Martinique (FR)', 'MQ');
INSERT INTO country (id, country_name, code) VALUES (148, 'Mauritania', 'MR');
INSERT INTO country (id, country_name, code) VALUES (149, 'Mauritius', 'MU');
INSERT INTO country (id, country_name, code) VALUES (150, 'Mayotte (FR)', 'YT');
INSERT INTO country (id, country_name, code) VALUES (151, 'Mexico', 'MX');
INSERT INTO country (id, country_name, code) VALUES (152, 'Micronesia, Fed. States of', 'FM');
INSERT INTO country (id, country_name, code) VALUES (153, 'Moldova, Republic of', 'MD');
INSERT INTO country (id, country_name, code) VALUES (154, 'Monaco', 'MC');
INSERT INTO country (id, country_name, code) VALUES (155, 'Mongolia', 'MN');
INSERT INTO country (id, country_name, code) VALUES (156, 'Montenegro', 'CS');
INSERT INTO country (id, country_name, code) VALUES (157, 'Montserrat', 'MS');
INSERT INTO country (id, country_name, code) VALUES (158, 'Morocco', 'MA');
INSERT INTO country (id, country_name, code) VALUES (159, 'Mozambique', 'MZ');
INSERT INTO country (id, country_name, code) VALUES (160, 'Myanmar (ex-Burma)', 'MM');
INSERT INTO country (id, country_name, code) VALUES (161, 'Namibia', 'NA');
INSERT INTO country (id, country_name, code) VALUES (162, 'Nauru', 'NR');
INSERT INTO country (id, country_name, code) VALUES (163, 'Nepal', 'NP');
INSERT INTO country (id, country_name, code) VALUES (164, 'Netherlands', 'NL');
INSERT INTO country (id, country_name, code) VALUES (165, 'Netherlands Antilles', 'AN');
INSERT INTO country (id, country_name, code) VALUES (166, 'New Caledonia', 'NC');
INSERT INTO country (id, country_name, code) VALUES (167, 'New Zealand', 'NZ');
INSERT INTO country (id, country_name, code) VALUES (168, 'Nicaragua', 'NI');
INSERT INTO country (id, country_name, code) VALUES (169, 'Niger', 'NE');
INSERT INTO country (id, country_name, code) VALUES (170, 'Nigeria', 'NG');
INSERT INTO country (id, country_name, code) VALUES (171, 'Niue', 'NU');
INSERT INTO country (id, country_name, code) VALUES (172, 'Norfolk Island', 'NF');
INSERT INTO country (id, country_name, code) VALUES (173, 'Northern Mariana Islands', 'MP');
INSERT INTO country (id, country_name, code) VALUES (174, 'Norway', 'NO');
INSERT INTO country (id, country_name, code) VALUES (175, 'Oman', 'OM');
INSERT INTO country (id, country_name, code) VALUES (176, 'Pakistan', 'PK');
INSERT INTO country (id, country_name, code) VALUES (177, 'Palau', 'PW');
INSERT INTO country (id, country_name, code) VALUES (178, 'Palestinian Territory', 'PS');
INSERT INTO country (id, country_name, code) VALUES (179, 'Panama', 'PA');
INSERT INTO country (id, country_name, code) VALUES (180, 'Papua New Guinea', 'PG');
INSERT INTO country (id, country_name, code) VALUES (181, 'Paraguay', 'PY');
INSERT INTO country (id, country_name, code) VALUES (182, 'Peru', 'PE');
INSERT INTO country (id, country_name, code) VALUES (183, 'Philippines', 'PH');
INSERT INTO country (id, country_name, code) VALUES (184, 'Pitcairn Island', 'PN');
INSERT INTO country (id, country_name, code) VALUES (185, 'Poland', 'PL');
INSERT INTO country (id, country_name, code) VALUES (186, 'Portugal', 'PT');
INSERT INTO country (id, country_name, code) VALUES (187, 'Puerto Rico', 'PR');
INSERT INTO country (id, country_name, code) VALUES (188, 'Qatar', 'QA');
INSERT INTO country (id, country_name, code) VALUES (189, 'Reunion (FR)', 'RE');
INSERT INTO country (id, country_name, code) VALUES (190, 'Romania', 'RO');
INSERT INTO country (id, country_name, code) VALUES (191, 'Russia (Russian Fed.)', 'RU');
INSERT INTO country (id, country_name, code) VALUES (192, 'Rwanda', 'RW');
INSERT INTO country (id, country_name, code) VALUES (193, 'Sahara, Western', 'EH');
INSERT INTO country (id, country_name, code) VALUES (194, 'Saint Barthelemy (FR)', 'BL');
INSERT INTO country (id, country_name, code) VALUES (195, 'Saint Helena (UK)', 'SH');
INSERT INTO country (id, country_name, code) VALUES (196, 'Saint Kitts and Nevis', 'KN');
INSERT INTO country (id, country_name, code) VALUES (197, 'Saint Lucia', 'LC');
INSERT INTO country (id, country_name, code) VALUES (198, 'Saint Martin (FR)', 'MF');
INSERT INTO country (id, country_name, code) VALUES (199, 'S Pierre & Miquelon(FR)', 'PM');
INSERT INTO country (id, country_name, code) VALUES (200, 'S Vincent & Grenadines', 'VC');
INSERT INTO country (id, country_name, code) VALUES (201, 'Samoa', 'WS');
INSERT INTO country (id, country_name, code) VALUES (202, 'San Marino', 'SM');
INSERT INTO country (id, country_name, code) VALUES (203, 'Sao Tome and Principe', 'ST');
INSERT INTO country (id, country_name, code) VALUES (204, 'Saudi Arabia', 'SA');
INSERT INTO country (id, country_name, code) VALUES (205, 'Senegal', 'SN');
INSERT INTO country (id, country_name, code) VALUES (206, 'Serbia', 'RS');
INSERT INTO country (id, country_name, code) VALUES (207, 'Seychelles', 'SC');
INSERT INTO country (id, country_name, code) VALUES (208, 'Sierra Leone', 'SL');
INSERT INTO country (id, country_name, code) VALUES (209, 'Singapore', 'SG');
INSERT INTO country (id, country_name, code) VALUES (210, 'Slovakia', 'SK');
INSERT INTO country (id, country_name, code) VALUES (211, 'Slovenia', 'SI');
INSERT INTO country (id, country_name, code) VALUES (212, 'Solomon Islands', 'SB');
INSERT INTO country (id, country_name, code) VALUES (213, 'Somalia', 'SO');
INSERT INTO country (id, country_name, code) VALUES (214, 'South Africa', 'ZA');
INSERT INTO country (id, country_name, code) VALUES (215, 'S.George & S.Sandwich', 'GS');
INSERT INTO country (id, country_name, code) VALUES (216, 'South Sudan', 'SS');
INSERT INTO country (id, country_name, code) VALUES (217, 'Spain', 'ES');
INSERT INTO country (id, country_name, code) VALUES (218, 'Sri Lanka (ex-Ceilan)', 'LK');
INSERT INTO country (id, country_name, code) VALUES (219, 'Sudan', 'SD');
INSERT INTO country (id, country_name, code) VALUES (220, 'Suriname', 'SR');
INSERT INTO country (id, country_name, code) VALUES (221, 'Svalbard & Jan Mayen Is.', 'SJ');
INSERT INTO country (id, country_name, code) VALUES (222, 'Swaziland', 'SZ');
INSERT INTO country (id, country_name, code) VALUES (223, 'Sweden', 'SE');
INSERT INTO country (id, country_name, code) VALUES (224, 'Switzerland', 'CH');
INSERT INTO country (id, country_name, code) VALUES (225, 'Syrian Arab Republic', 'SY');
INSERT INTO country (id, country_name, code) VALUES (226, 'Taiwan', 'TW');
INSERT INTO country (id, country_name, code) VALUES (227, 'Tajikistan', 'TJ');
INSERT INTO country (id, country_name, code) VALUES (228, 'Tanzania, United Rep. of', 'TZ');
INSERT INTO country (id, country_name, code) VALUES (229, 'Thailand', 'TH');
INSERT INTO country (id, country_name, code) VALUES (230, 'Timor-Leste (East Timor)', 'TP');
INSERT INTO country (id, country_name, code) VALUES (231, 'Togo', 'TG');
INSERT INTO country (id, country_name, code) VALUES (232, 'Tokelau', 'TK');
INSERT INTO country (id, country_name, code) VALUES (233, 'Tonga', 'TO');
INSERT INTO country (id, country_name, code) VALUES (234, 'Trinidad & Tobago', 'TT');
INSERT INTO country (id, country_name, code) VALUES (235, 'Tunisia', 'TN');
INSERT INTO country (id, country_name, code) VALUES (236, 'Turkey', 'TR');
INSERT INTO country (id, country_name, code) VALUES (237, 'Turkmenistan', 'TM');
INSERT INTO country (id, country_name, code) VALUES (238, 'Turks and Caicos Is.', 'TC');
INSERT INTO country (id, country_name, code) VALUES (239, 'Tuvalu', 'TV');
INSERT INTO country (id, country_name, code) VALUES (240, 'Uganda', 'UG');
INSERT INTO country (id, country_name, code) VALUES (241, 'Ukraine', 'UA');
INSERT INTO country (id, country_name, code) VALUES (242, 'United Arab Emirates', 'AE');
INSERT INTO country (id, country_name, code) VALUES (243, 'United Kingdom', 'UK');
INSERT INTO country (id, country_name, code) VALUES (244, 'United States', 'US');
INSERT INTO country (id, country_name, code) VALUES (245, 'US Minor Outlying Isl.', 'UM');
INSERT INTO country (id, country_name, code) VALUES (246, 'Uruguay', 'UY');
INSERT INTO country (id, country_name, code) VALUES (247, 'Uzbekistan', 'UZ');
INSERT INTO country (id, country_name, code) VALUES (248, 'Vanuatu', 'VU');
INSERT INTO country (id, country_name, code) VALUES (249, 'Vatican (Holy See)', 'VA');
INSERT INTO country (id, country_name, code) VALUES (250, 'Venezuela', 'VE');
INSERT INTO country (id, country_name, code) VALUES (251, 'Viet Nam', 'VN');
INSERT INTO country (id, country_name, code) VALUES (252, 'Virgin Islands, British', 'VG');
INSERT INTO country (id, country_name, code) VALUES (253, 'Virgin Islands, U.S.', 'VI');
INSERT INTO country (id, country_name, code) VALUES (254, 'Wallis and Futuna', 'WF');
INSERT INTO country (id, country_name, code) VALUES (255, 'Western Sahara', 'EH');
INSERT INTO country (id, country_name, code) VALUES (256, 'Yemen', 'YE');
INSERT INTO country (id, country_name, code) VALUES (257, 'Zambia', 'ZM');
INSERT INTO country (id, country_name, code) VALUES (258, 'Zimbabwe', 'ZW');

INSERT INTO department (id, name) VALUES (5, 'DZIAŁ REJESTRACJI KALISZ ');
INSERT INTO department (id, name) VALUES (10, 'DZIAŁ GMP');
INSERT INTO department (id, name) VALUES (11, 'DZIAŁ JAKOŚCI');
INSERT INTO department (id, name) VALUES (21, 'DZIAŁ JAKOŚCI KONTRAKTÓWKI');
INSERT INTO department (id, name) VALUES (27, 'DZIAŁ MARKETINGU TRADYCYJNEGO');
INSERT INTO department (id, name) VALUES (28, 'DZIAŁ MONITOROWANIA LECKÓW');
INSERT INTO department (id, name) VALUES (36, 'DZIAŁ PRODUKCJI');
INSERT INTO department (id, name) VALUES (37, 'DZIAŁ REJESTRACJI');
INSERT INTO department (id, name) VALUES (38, 'DZIAŁ TECHNOLOGII');
INSERT INTO department (id, name) VALUES (39, 'DZIAŁ ZAKUPÓW');
INSERT INTO department (id, name) VALUES (46, 'DZIAŁ HANDLU');
INSERT INTO department (id, name) VALUES (49, 'DZIAŁ PAKOWANIA');
INSERT INTO department (id, name) VALUES (51, 'DZIAŁ ROZWOJU');
INSERT INTO department (id, name) VALUES (56, 'KJ-KRAKÓW');
INSERT INTO department (id, name) VALUES (57, 'LABOR.BADAWCZE');
INSERT INTO department (id, name) VALUES (58, 'LABOR. ZWYKŁE.');
INSERT INTO department (id, name) VALUES (59, 'LABOR.MIKROBIOL.');
INSERT INTO department (id, name) VALUES (60, 'LABORATORIUM DOKUMENTACYJNE');
INSERT INTO department (id, name) VALUES (61, 'LABORATORIUM TECHNICZNE');
INSERT INTO department (id, name) VALUES (62, 'LJ WYSZKOW');
INSERT INTO department (id, name) VALUES (66, 'MARKETING NOWOCZESNY');
INSERT INTO department (id, name) VALUES (67, 'LAB-OLSZTYN');
INSERT INTO department (id, name) VALUES (73, 'PRACOWNIA PREFORMULACJI');
INSERT INTO department (id, name) VALUES (74, 'PRACOWNIA PRODUKTÓW INNYCH');
INSERT INTO department (id, name) VALUES (75, 'PRACOWNIA STABILNOŚCIOWA');
INSERT INTO department (id, name) VALUES (76, 'PRACOWNIA UWALNIANIA');
INSERT INTO department (id, name) VALUES (77, 'PRACOWNIA WALIDACJII');
INSERT INTO department (id, name) VALUES (78, 'QP');
INSERT INTO department (id, name) VALUES (83, 'ZESPÓŁ MARKETINGU');
INSERT INTO department (id, name) VALUES (84, 'ZESPÓŁ MEDYKOW');

INSERT INTO position (id, name) VALUES (32, 'KIEROWNIK TECHNOLOG');
INSERT INTO position (id, name) VALUES (54, 'KIEROWNIK HANDLU ZAGRANICZNEGO');
INSERT INTO position (id, name) VALUES (59, 'KIEROWNIK DZIAŁU');
INSERT INTO position (id, name) VALUES (71, 'KIEROWNIK DZIAŁU JAKOŚCI');
INSERT INTO position (id, name) VALUES (91, 'KIEROWNIK LABORATORIUM DOKUMENTACJI');
INSERT INTO position (id, name) VALUES (257, 'SPECJALISTA SPRZEDAŻY');


INSERT INTO user (id, name, surname, username, password, enabled, position_id, department_id)
VALUES (1, 'Jan', 'Kowalski', 'j.kowalski@example.com', '$2a$10$KMJBxxpI77t9cjDW8bazOOfJyDvq.bZRMOjR9R4VTsC6iFLlAFs.a', TRUE, 91, 60);
INSERT INTO user (id, name, surname, username, password, enabled, position_id, department_id)
VALUES (2, 'Zenon', 'Krawężnik', 'z.kraweznik@example.com', '$2a$10$U9041zzZoygFIJ7g6rPE8OWGxv4KGrPOZcmD0t9i/pHnIsqB8EgwG', TRUE, 54, 46);
INSERT INTO user (id, name, surname, username, password, enabled, position_id, department_id)
VALUES (3, 'Zbyszek', 'Nowak', 'z.nowak@example.com', '$2a$10$HPmyt.gDZQV1WG2DoV7gpOfyE6YvKH.rrrCS5Ww1AestczItDlwW6', TRUE, 59, 37);
INSERT INTO user (id, name, surname, username, password, enabled, position_id, department_id)
VALUES (4, 'Anna', 'Panna', 'a.panna@example.com', '$2a$10$7zYZFKLZ9jpUl.ovgHneXuhcrOmJ5/wlZrVxN5dqD9SvJ/BCyUV7C', TRUE, 32, 38);
INSERT INTO user (id, name, surname, username, password, enabled, position_id, department_id)
VALUES (5, 'Barbara', 'Niezdara', 'b.niezdara@example.com', '$2a$10$KSyTu5sPHmEUMwX0kzvxmOtpeqqbbvvr2gG5zUwBV8vA026rj2vMm', TRUE, 71, 11);
INSERT INTO user (id, name, surname, username, password, enabled, position_id, department_id)
VALUES (6, 'Henryk', 'Wielki', 'h.wielki@example.com', '$2a$10$GnhuoCXhZC5hxGTZtbKYMubF02mVRqFEGEKiNNJn6GN6uHKKEXVqy', TRUE, 257, 46);
INSERT INTO user (id, name, surname, username, password, enabled, position_id, department_id)
VALUES (7, 'Michał', 'Grzebała', 'm.grzebala@example.com', '$2a$10$PVDU6w0jiDJrBWtb/syWh.IGkQ4lJHcdmxuimlw6UWbU1Sy2H51BK', TRUE, 257, 46);

INSERT INTO status (id, name, category) VALUES (1, 'assessment', 'process');
INSERT INTO status (id, name, category) VALUES (2, 'cost effectiveness calculation', 'process');
INSERT INTO status (id, name, category) VALUES (3, 'offer', 'process');
INSERT INTO status (id, name, category) VALUES (4, 'dossier order', 'process');
INSERT INTO status (id, name, category) VALUES (5, 'registration', 'process');
INSERT INTO status (id, name, category) VALUES (6, 'marketing authorization', 'process');
INSERT INTO status (id, name, category) VALUES (7, 'order assessment', 'assessment');
INSERT INTO status (id, name, category) VALUES (8, 'departments assessment', 'assessment');
INSERT INTO status (id, name, category) VALUES (9, 'completed assessment', 'assessment');
INSERT INTO status (id, name, category) VALUES (10, 'team meeting', 'assessment');
INSERT INTO status (id, name, category) VALUES (11, 'assessment correction', 'assessment');
INSERT INTO status (id, name, category) VALUES (12, 'summary', 'assessment');
INSERT INTO status (id, name, category) VALUES (13, 'acceptance', 'assessment');
INSERT INTO status (id, name, category) VALUES (14, 'approval', 'assessment');
INSERT INTO status (id, name, category) VALUES (15, 'collecting figures', 'roi');
INSERT INTO status (id, name, category) VALUES (16, 'calculated', 'roi');

INSERT INTO user_role (id, username, role) VALUES (1, 'j.kowalski@example.com', 'ROLE_USER');
INSERT INTO user_role (id, username, role) VALUES (2, 'z.kraweznik@example.com', 'ROLE_USER');
INSERT INTO user_role (id, username, role) VALUES (3, 'z.nowak@example.com', 'ROLE_USER');
INSERT INTO user_role (id, username, role) VALUES (4, 'a.panna@example.com', 'ROLE_USER');
INSERT INTO user_role (id, username, role) VALUES (5, 'b.niezdara@example.com', 'ROLE_USER');
INSERT INTO user_role (id, username, role) VALUES (6, 'h.wielki@example.com', 'ROLE_USER');
INSERT INTO user_role (id, username, role) VALUES (7, 'm.grzebala@example.com', 'ROLE_USER');
INSERT INTO user_role (id, username, role) VALUES (8, 'j.kowalski@example.com', 'ROLE_HZ');


INSERT INTO process_assessment (process_id, assessment_id) VALUES (1, 1);
INSERT INTO process_assessment (process_id, assessment_id) VALUES (1, 4);
INSERT INTO process_assessment (process_id, assessment_id) VALUES (1, 6);
INSERT INTO process_assessment (process_id, assessment_id) VALUES (2, 2);
INSERT INTO process_assessment (process_id, assessment_id) VALUES (2, 5);
INSERT INTO process_assessment (process_id, assessment_id) VALUES (3, 3);
INSERT INTO process_assessment (process_id, assessment_id) VALUES (4, 1);

INSERT INTO assessment_pattern (id, dossier_module, assessment_subject, department_id, product_status_id) VALUES (1, '1 - DANE ADMINISTRACYJNE', 'DANE ADMINISTRACYJNE', 37, 1);
INSERT INTO assessment_pattern (id, dossier_module, assessment_subject, department_id, product_status_id) VALUES (2, '2 – STRESZCZENIA I RAPORTY', 'STRESZCZENIA I RAPORTY', 37, 1);
INSERT INTO assessment_pattern (id, dossier_module, assessment_subject, department_id, product_status_id) VALUES (3, '3.2.S. – JAKOŚĆ / CZYNNA ', 'ASMF lub CEP', 60, 1);
INSERT INTO assessment_pattern (id, dossier_module, assessment_subject, department_id, product_status_id) VALUES (4, '3.2.S. – JAKOŚĆ / CZYNNA ', '3.2.S.4.1 Specyfikacja substancji czynnej', 60, 1);
INSERT INTO assessment_pattern (id, dossier_module, assessment_subject, department_id, product_status_id) VALUES (5, '3.2.S. – JAKOŚĆ / CZYNNA ', '3.2.S.4.2 Metody badań analitycznych', 60, 1);
INSERT INTO assessment_pattern (id, dossier_module, assessment_subject, department_id, product_status_id) VALUES (6, '3.2.S. – JAKOŚĆ / CZYNNA ', '3.2.S.4.3 Walidacje metod analitycznych', 60, 1);
INSERT INTO assessment_pattern (id, dossier_module, assessment_subject, department_id, product_status_id) VALUES (7, '3.2.S. – JAKOŚĆ / CZYNNA ', '3.2.S.4.4 Badanie serii', 60, 1);
INSERT INTO assessment_pattern (id, dossier_module, assessment_subject, department_id, product_status_id) VALUES (8, '3.2.S. – JAKOŚĆ / CZYNNA ', '3.2.S.4.5 Uzasadnienie specyfikacji', 60, 1);
INSERT INTO assessment_pattern (id, dossier_module, assessment_subject, department_id, product_status_id) VALUES (9, '3.2.S. – JAKOŚĆ / CZYNNA ', '3.2.S.5 Wzorce lub materiały odniesienia', 60, 1);
INSERT INTO assessment_pattern (id, dossier_module, assessment_subject, department_id, product_status_id) VALUES (10, '3.2.P. – JAKOŚĆ / PRODUKT LECZNICZY ', '3.2.P.1 Opis i skład produktu leczniczego', 61, 1);
INSERT INTO assessment_pattern (id, dossier_module, assessment_subject, department_id, product_status_id) VALUES (11, '3.2.P. – JAKOŚĆ / PRODUKT LECZNICZY ', '3.2.P.2 Badania rozwojowe nad produktem leczniczym', 61, 1);
INSERT INTO assessment_pattern (id, dossier_module, assessment_subject, department_id, product_status_id) VALUES (12, '3.2.P. – JAKOŚĆ / PRODUKT LECZNICZY ', '3.2.P.2.1 Skład produktu leczniczego', 61, 1);
INSERT INTO assessment_pattern (id, dossier_module, assessment_subject, department_id, product_status_id) VALUES (13, '3.2.P. – JAKOŚĆ / PRODUKT LECZNICZY ', '3.2.P.2.1.1 Substancja czynna', 60, 1);
INSERT INTO assessment_pattern (id, dossier_module, assessment_subject, department_id, product_status_id) VALUES (14, '3.2.P. – JAKOŚĆ / PRODUKT LECZNICZY ', '3.2.P.2.1.2 Substancje pomocnicze', 61, 1);
INSERT INTO assessment_pattern (id, dossier_module, assessment_subject, department_id, product_status_id) VALUES (15, '3.2.P. – JAKOŚĆ / PRODUKT LECZNICZY ', '3.2.P.2.2.1 Badania rozwojowe dotyczące składu i postaci farmaceutycznej', 61, 1);
INSERT INTO assessment_pattern (id, dossier_module, assessment_subject, department_id, product_status_id) VALUES (16, '3.2.P. – JAKOŚĆ / PRODUKT LECZNICZY ', '3.2.P.2.2.2 Nadmiary', 61, 1);
INSERT INTO assessment_pattern (id, dossier_module, assessment_subject, department_id, product_status_id) VALUES (17, '3.2.P. – JAKOŚĆ / PRODUKT LECZNICZY ', '3.2.P.2.2.3 Właściwości fizykochemiczne i biologiczne', 61, 1);
INSERT INTO assessment_pattern (id, dossier_module, assessment_subject, department_id, product_status_id) VALUES (18, '3.2.P. – JAKOŚĆ / PRODUKT LECZNICZY ', '3.2.P.2.3 Badania rozwojowe dotyczące procesu wytwarzania', 61, 1);
INSERT INTO assessment_pattern (id, dossier_module, assessment_subject, department_id, product_status_id) VALUES (19, '3.2.P. – JAKOŚĆ / PRODUKT LECZNICZY ', '3.2.P.2.4 Opakowanie bezpośrednie i system jego zamknięcia', 60, 1);
INSERT INTO assessment_pattern (id, dossier_module, assessment_subject, department_id, product_status_id) VALUES (20, '3.2.P. – JAKOŚĆ / PRODUKT LECZNICZY ', '3.2.P.2.4 Opakowanie bezpośrednie i system jego zamknięcia', 61, 1);
INSERT INTO assessment_pattern (id, dossier_module, assessment_subject, department_id, product_status_id) VALUES (21, '3.2.P. – JAKOŚĆ / PRODUKT LECZNICZY ', '3.2.P.2.5 Charakterystyka mikrobiologiczna', 59, 1);
INSERT INTO assessment_pattern (id, dossier_module, assessment_subject, department_id, product_status_id) VALUES (22, '3.2.P. – JAKOŚĆ / PRODUKT LECZNICZY ', '3.2.P.2.6 Zgodność', 61, 1);
INSERT INTO assessment_pattern (id, dossier_module, assessment_subject, department_id, product_status_id) VALUES (23, '3.2.P. – JAKOŚĆ / PRODUKT LECZNICZY ', '3.2.P.3.1 Wytwórcy', 61, 1);
INSERT INTO assessment_pattern (id, dossier_module, assessment_subject, department_id, product_status_id) VALUES (24, '3.2.P. – JAKOŚĆ / PRODUKT LECZNICZY ', '3.2.P.3.1 Wytwórcy', 38, 1);
INSERT INTO assessment_pattern (id, dossier_module, assessment_subject, department_id, product_status_id) VALUES (25, '3.2.P. – JAKOŚĆ / PRODUKT LECZNICZY ', '3.2.P.3.2 Skład serii', 61, 1);
INSERT INTO assessment_pattern (id, dossier_module, assessment_subject, department_id, product_status_id) VALUES (26, '3.2.P. – JAKOŚĆ / PRODUKT LECZNICZY ', '3.2.P.3.2 Skład serii', 38, 1);
INSERT INTO assessment_pattern (id, dossier_module, assessment_subject, department_id, product_status_id) VALUES (27, '3.2.P. – JAKOŚĆ / PRODUKT LECZNICZY ', '3.2.P.3.3 Opis procesu wytwarzania i jego kontroli', 61, 1);
INSERT INTO assessment_pattern (id, dossier_module, assessment_subject, department_id, product_status_id) VALUES (28, '3.2.P. – JAKOŚĆ / PRODUKT LECZNICZY ', '3.2.P.3.3 Opis procesu wytwarzania i jego kontroli', 38, 1);
INSERT INTO assessment_pattern (id, dossier_module, assessment_subject, department_id, product_status_id) VALUES (29, '3.2.P. – JAKOŚĆ / PRODUKT LECZNICZY ', '3.2.P.3.4 Kontrole etapów krytycznych I produktów pośrednich', 61, 1);
INSERT INTO assessment_pattern (id, dossier_module, assessment_subject, department_id, product_status_id) VALUES (30, '3.2.P. – JAKOŚĆ / PRODUKT LECZNICZY ', '3.2.P.3.4 Kontrole etapów krytycznych I produktów pośrednich', 38, 1);
INSERT INTO assessment_pattern (id, dossier_module, assessment_subject, department_id, product_status_id) VALUES (31, '3.2.P. – JAKOŚĆ / PRODUKT LECZNICZY ', '3.2.P.3.5 Walidacja i ocean procesu', 10, 1);
INSERT INTO assessment_pattern (id, dossier_module, assessment_subject, department_id, product_status_id) VALUES (32, '3.2.P. – JAKOŚĆ / PRODUKT LECZNICZY ', '3.2.P.4.1 Specyfikacje', 61, 1);
INSERT INTO assessment_pattern (id, dossier_module, assessment_subject, department_id, product_status_id) VALUES (33, '3.2.P. – JAKOŚĆ / PRODUKT LECZNICZY ', '3.2.P.4.1 Specyfikacje', 38, 1);
INSERT INTO assessment_pattern (id, dossier_module, assessment_subject, department_id, product_status_id) VALUES (34, '3.2.P. – JAKOŚĆ / PRODUKT LECZNICZY ', '3.2.P.4.2 Metody analityczne', 60, 1);
INSERT INTO assessment_pattern (id, dossier_module, assessment_subject, department_id, product_status_id) VALUES (35, '3.2.P. – JAKOŚĆ / PRODUKT LECZNICZY ', '3.2.P.4.2 Metody analityczne', 58, 1);
INSERT INTO assessment_pattern (id, dossier_module, assessment_subject, department_id, product_status_id) VALUES (36, '3.2.P. – JAKOŚĆ / PRODUKT LECZNICZY ', '3.2.P.4.3 Walidacja metod analitycznych', 60, 1);
INSERT INTO assessment_pattern (id, dossier_module, assessment_subject, department_id, product_status_id) VALUES (37, '3.2.P. – JAKOŚĆ / PRODUKT LECZNICZY ', '3.2.P.4.3 Walidacja metod analitycznych', 58, 1);
INSERT INTO assessment_pattern (id, dossier_module, assessment_subject, department_id, product_status_id) VALUES (38, '3.2.P. – JAKOŚĆ / PRODUKT LECZNICZY ', '3.2.P.4.4 Uzasadnienie specyfikacji', 61, 1);
INSERT INTO assessment_pattern (id, dossier_module, assessment_subject, department_id, product_status_id) VALUES (39, '3.2.P. – JAKOŚĆ / PRODUKT LECZNICZY ', '3.2.P.4.4 Uzasadnienie specyfikacji', 38, 1);
INSERT INTO assessment_pattern (id, dossier_module, assessment_subject, department_id, product_status_id) VALUES (40, '3.2.P. – JAKOŚĆ / PRODUKT LECZNICZY ', '3.2.P.4.5 Substancje pomocnicze pochodzenia ludzkiego lub zwierzęcego', 61, 1);
INSERT INTO assessment_pattern (id, dossier_module, assessment_subject, department_id, product_status_id) VALUES (41, '3.2.P. – JAKOŚĆ / PRODUKT LECZNICZY ', '3.2.P.4.5 Substancje pomocnicze pochodzenia ludzkiego lub zwierzęcego', 38, 1);
INSERT INTO assessment_pattern (id, dossier_module, assessment_subject, department_id, product_status_id) VALUES (42, '3.2.P. – JAKOŚĆ / PRODUKT LECZNICZY ', '3.2.P.4.6 Nowe substancje pomocnicze', 61, 1);
INSERT INTO assessment_pattern (id, dossier_module, assessment_subject, department_id, product_status_id) VALUES (43, '3.2.P. – JAKOŚĆ / PRODUKT LECZNICZY ', '3.2.P.4.6 Nowe substancje pomocnicze', 38, 1);
INSERT INTO assessment_pattern (id, dossier_module, assessment_subject, department_id, product_status_id) VALUES (44, '3.2.P. – JAKOŚĆ / PRODUKT LECZNICZY ', '3.2.P.5.1 Specyfikacje', 60, 1);
INSERT INTO assessment_pattern (id, dossier_module, assessment_subject, department_id, product_status_id) VALUES (45, '3.2.P. – JAKOŚĆ / PRODUKT LECZNICZY ', '3.2.P.5.2 Metody badań analitycznych', 60, 1);
INSERT INTO assessment_pattern (id, dossier_module, assessment_subject, department_id, product_status_id) VALUES (46, '3.2.P. – JAKOŚĆ / PRODUKT LECZNICZY ', '3.2.P.5.3 Walidacja metod analitycznych', 57, 1);
INSERT INTO assessment_pattern (id, dossier_module, assessment_subject, department_id, product_status_id) VALUES (47, '3.2.P. – JAKOŚĆ / PRODUKT LECZNICZY ', '3.2.P.5.4 Badania serii', 60, 1);
INSERT INTO assessment_pattern (id, dossier_module, assessment_subject, department_id, product_status_id) VALUES (48, '3.2.P. – JAKOŚĆ / PRODUKT LECZNICZY ', '3.2.P.5.5 Charakterystyka zanieczyszczeń', 60, 1);
INSERT INTO assessment_pattern (id, dossier_module, assessment_subject, department_id, product_status_id) VALUES (49, '3.2.P. – JAKOŚĆ / PRODUKT LECZNICZY ', '3.2.P.5.6 Uzasadnienie specyfikacji', 60, 1);
INSERT INTO assessment_pattern (id, dossier_module, assessment_subject, department_id, product_status_id) VALUES (50, '3.2.P. – JAKOŚĆ / PRODUKT LECZNICZY ', '3.2.P.6 Wzorce lub materiały odniesienia', 60, 1);
INSERT INTO assessment_pattern (id, dossier_module, assessment_subject, department_id, product_status_id) VALUES (51, '3.2.P. – JAKOŚĆ / PRODUKT LECZNICZY ', '3.2.P.7 Opakowanie bezpośrednie i system jego zamknięcia', 61, 1);
INSERT INTO assessment_pattern (id, dossier_module, assessment_subject, department_id, product_status_id) VALUES (52, '3.2.P. – JAKOŚĆ / PRODUKT LECZNICZY ', '3.2.P.7 Opakowanie bezpośrednie i system jego zamknięcia', 38, 1);
INSERT INTO assessment_pattern (id, dossier_module, assessment_subject, department_id, product_status_id) VALUES (53, '3.2.P. – JAKOŚĆ / PRODUKT LECZNICZY ', '3.2.P.8 Trwałość', 57, 1);
INSERT INTO assessment_pattern (id, dossier_module, assessment_subject, department_id, product_status_id) VALUES (54, '3.2.P. – JAKOŚĆ / PRODUKT LECZNICZY ', '3.2.P.8 Trwałość', 58, 1);
INSERT INTO assessment_pattern (id, dossier_module, assessment_subject, department_id, product_status_id) VALUES (55, '3.2.P. – JAKOŚĆ / PRODUKT LECZNICZY ', '3.2.P.8.1 Podsumowanie danych na temat trwałości i wnioski', 60, 1);
INSERT INTO assessment_pattern (id, dossier_module, assessment_subject, department_id, product_status_id) VALUES (56, '3.2.P. – JAKOŚĆ / PRODUKT LECZNICZY ', '3.2.P.8.1 Podsumowanie danych na temat trwałości i wnioski', 58, 1);
INSERT INTO assessment_pattern (id, dossier_module, assessment_subject, department_id, product_status_id) VALUES (57, '3.2.P. – JAKOŚĆ / PRODUKT LECZNICZY ', '3.2.P.8.2 Protokół badań trwałości po uzyskaniu pozwolenia na dopuszczenia do obrotu oraz zobowiązanie dotyczące trwałości', 58, 1);
INSERT INTO assessment_pattern (id, dossier_module, assessment_subject, department_id, product_status_id) VALUES (58, '3.2.P. – JAKOŚĆ / PRODUKT LECZNICZY ', '3.2.P.8.3 Dane na temat trwałości', 60, 1);
INSERT INTO assessment_pattern (id, dossier_module, assessment_subject, department_id, product_status_id) VALUES (59, '3.2.P. – JAKOŚĆ / PRODUKT LECZNICZY ', '3.2.P.8.3 Dane na temat trwałości', 58, 1);
INSERT INTO assessment_pattern (id, dossier_module, assessment_subject, department_id, product_status_id) VALUES (60, '3.2.A. – JAKOŚĆ / ZAŁĄCZNIKI', 'A1 Pomieszczenia i wyposażenie produkcyjne', 37, 1);
INSERT INTO assessment_pattern (id, dossier_module, assessment_subject, department_id, product_status_id) VALUES (61, '3.2.A. – JAKOŚĆ / ZAŁĄCZNIKI', 'A2 Ocena bezpieczeństwa pod kątem przypadkowych zanieczyszczeń', 37, 1);
INSERT INTO assessment_pattern (id, dossier_module, assessment_subject, department_id, product_status_id) VALUES (62, '3.2.A. – JAKOŚĆ / ZAŁĄCZNIKI', 'A3 Nowe substancje pomocnicze', 37, 1);
INSERT INTO assessment_pattern (id, dossier_module, assessment_subject, department_id, product_status_id) VALUES (63, '3.2.R. – JAKOŚĆ / INFORMACJE REGIONALNE', '1. Plan walidacji procesu dla produktu leczniczego', 10, 1);
INSERT INTO assessment_pattern (id, dossier_module, assessment_subject, department_id, product_status_id) VALUES (64, '3.2.R. – JAKOŚĆ / INFORMACJE REGIONALNE', '2. Wyrób medyczny dołączany do produktu leczniczego', 61, 1);
INSERT INTO assessment_pattern (id, dossier_module, assessment_subject, department_id, product_status_id) VALUES (65, '3.2.R. – JAKOŚĆ / INFORMACJE REGIONALNE', '3. Certyfikaty zgodności', 37, 1);
INSERT INTO assessment_pattern (id, dossier_module, assessment_subject, department_id, product_status_id) VALUES (66, '3.2.R. – JAKOŚĆ / INFORMACJE REGIONALNE', '4. Produkty lecznicze zawierające materiały pochodzenia zwierzęcego i ludzkiego bądź też produkty lecznicze, w których procesie wytwarzania stosuje się takie materiały', 37, 1);
INSERT INTO assessment_pattern (id, dossier_module, assessment_subject, department_id, product_status_id) VALUES (67, NULL, '3.3. Piśmiennictwo', 37, 1);
INSERT INTO assessment_pattern (id, dossier_module, assessment_subject, department_id, product_status_id) VALUES (68, NULL, '3.3. Piśmiennictwo', 60, 1);
INSERT INTO assessment_pattern (id, dossier_module, assessment_subject, department_id, product_status_id) VALUES (69, NULL, '3.3. Piśmiennictwo', 61, 1);
INSERT INTO assessment_pattern (id, dossier_module, assessment_subject, department_id, product_status_id) VALUES (70, NULL, '3.3. Piśmiennictwo', 57, 1);
INSERT INTO assessment_pattern (id, dossier_module, assessment_subject, department_id, product_status_id) VALUES (71, '4 – SPRAWOZDANIA Z BADAŃ NIEKLINICZNYCH', NULL, 37, 1);
INSERT INTO assessment_pattern (id, dossier_module, assessment_subject, department_id, product_status_id) VALUES (72, '4 – SPRAWOZDANIA Z BADAŃ KLINICZNYCH', NULL, 37, 1);
INSERT INTO assessment_pattern (id, dossier_module, assessment_subject, department_id, product_status_id) VALUES (73, NULL, 'reklamacje produktu', 11, 1);
INSERT INTO assessment_pattern (id, dossier_module, assessment_subject, department_id, product_status_id) VALUES (74, NULL, 'produkcja', 36, 1);
INSERT INTO assessment_pattern (id, dossier_module, assessment_subject, department_id, product_status_id) VALUES (75, NULL, 'pakowanie', 36, 1);
INSERT INTO assessment_pattern (id, dossier_module, assessment_subject, department_id, product_status_id) VALUES (76, NULL, 'dostepność materiałów wyjściowych i opakowaniowych możliwość realizacji zamówień', 39, 1);
INSERT INTO assessment_pattern (id, dossier_module, assessment_subject, department_id, product_status_id) VALUES (77, NULL, 'uwagi ogólne do produktu audyty u wytwórców API', 78, 1);
INSERT INTO assessment_pattern (id, dossier_module, assessment_subject, department_id, product_status_id) VALUES (78, 'OŚWIADCZENIA / ZOBOWIĄZANIA', 'Kopia Aktualnego Odpisu KRS lub zaświadczenia o działalności gospodarczej', 37, 2);
INSERT INTO assessment_pattern (id, dossier_module, assessment_subject, department_id, product_status_id) VALUES (79, 'OŚWIADCZENIA / ZOBOWIĄZANIA', 'Pisemne oświadczenia o niezłożeniu wniosku o dokonanie oceny wyrobu do innej JN', 37, 2);
INSERT INTO assessment_pattern (id, dossier_module, assessment_subject, department_id, product_status_id) VALUES (80, 'OŚWIADCZENIA / ZOBOWIĄZANIA', 'Pisemne oświadczenie o niewystąpieniu incydentów medycznych z wyrobem zgłoszonym do certyfikacji', 28, 2);
INSERT INTO assessment_pattern (id, dossier_module, assessment_subject, department_id, product_status_id) VALUES (81, 'OŚWIADCZENIA / ZOBOWIĄZANIA', 'Zobowiązanie wytwórcy do utrzymania procedury systematycznego przeglądu doświadczeń uzyskanych po wprowadzeniu wyrobu medycznego do obrotu ', 28, 2);
INSERT INTO assessment_pattern (id, dossier_module, assessment_subject, department_id, product_status_id) VALUES (82, 'OŚWIADCZENIA / ZOBOWIĄZANIA', 'Zobowiązanie wypełnienia obowiązków wynikających z posiadanego systemu jakości ', 10, 2);
INSERT INTO assessment_pattern (id, dossier_module, assessment_subject, department_id, product_status_id) VALUES (83, 'OŚWIADCZENIA / ZOBOWIĄZANIA', 'Zobowiązanie wytwórcy do utrzymania skuteczności systemu zapewnienia jakości ', 10, 2);
INSERT INTO assessment_pattern (id, dossier_module, assessment_subject, department_id, product_status_id) VALUES (84, 'OŚWIADCZENIA / ZOBOWIĄZANIA', 'Zobowiązanie wytwórcy do utrzymania procedury postępowania zgodnie z rozdz. 9 ustawy w przypadku powzięcia informacji o wystąpieniu incydentu medycznego', 28, 2);
INSERT INTO assessment_pattern (id, dossier_module, assessment_subject, department_id, product_status_id) VALUES (85, 'OŚWIADCZENIA / ZOBOWIĄZANIA', 'Pisemne oświadczenie, czy wyrób medyczny zawiera tkanki pochodzenia zwierzęcego oraz dane z przeprowadzonych analiz ryzyka i zarządzania ryzykiem (wg zał. nr 9 rozp.)', 61, 2);
INSERT INTO assessment_pattern (id, dossier_module, assessment_subject, department_id, product_status_id) VALUES (86, 'OŚWIADCZENIA / ZOBOWIĄZANIA', 'Pisemne oświadczenie, czy wyrób medyczny zawiera substancję leczniczą oraz dane z badań przeprowadzonych w związku z takim połączeniem ', 37, 2);
INSERT INTO assessment_pattern (id, dossier_module, assessment_subject, department_id, product_status_id) VALUES (87, 'OŚWIADCZENIA / ZOBOWIĄZANIA', 'Pisemne oświadczenie, czy wyrób med. zawiera produkt krwiopochodny oraz dane z badań przeprowadzonych w związku z takim połączeniem', 37, 2);
INSERT INTO assessment_pattern (id, dossier_module, assessment_subject, department_id, product_status_id) VALUES (88, 'OŚWIADCZENIA / ZOBOWIĄZANIA', 'Świadectwo wolnej sprzedaży wydawane przez URPLWM w celu ułatwienia eksportu wyrobu medycznego (jeśli dotyczy)', 37, 2);
INSERT INTO assessment_pattern (id, dossier_module, assessment_subject, department_id, product_status_id) VALUES (89, 'DOKUMENTACJA TECHNICZNA WYROBU MEDYCZNEGO', 'Opis typu wyrobu wraz z wersjami oraz wykazem różnic między wersjami, przewidziane zastosowanie', 37, 2);
INSERT INTO assessment_pattern (id, dossier_module, assessment_subject, department_id, product_status_id) VALUES (90, 'DOKUMENTACJA TECHNICZNA WYROBU MEDYCZNEGO', 'Specyfikacja techniczna (specyfikacja wyrobu medycznego)', 57, 2);
INSERT INTO assessment_pattern (id, dossier_module, assessment_subject, department_id, product_status_id) VALUES (91, 'DOKUMENTACJA TECHNICZNA WYROBU MEDYCZNEGO', 'Klasyfikacja wyrobu medycznego, Reguła wg Dyrektywy 93/42/EWG, Rozporządzenie Ministra Zdrowia z dnia 5 listopada 2010 r. w sprawie sposobu klasyfikowania wyrobów medycznych (Dz. U. Nr 215, poz. 1416) oraz Manual on borderline and classification in the community, regulatory framework for medical devices version 1.17 (09-2015)', 37, 2);
INSERT INTO assessment_pattern (id, dossier_module, assessment_subject, department_id, product_status_id) VALUES (92, 'DOKUMENTACJA TECHNICZNA WYROBU MEDYCZNEGO', 'Lista kontrolna wymagań zasadniczych (załącznik 1 Rozporządzenia Ministra Zdrowia z dnia 17 lutego 2016 r. w sprawie wymagań zasadniczych oraz procedur oceny zgodności wyrobów medycznych)', 37, 2);
INSERT INTO assessment_pattern (id, dossier_module, assessment_subject, department_id, product_status_id) VALUES (93, 'DOKUMENTACJA TECHNICZNA WYROBU MEDYCZNEGO', 'Rysunki projektowe, specyfikacje podzespołów i części, schematy obwodów ', 60, 2);
INSERT INTO assessment_pattern (id, dossier_module, assessment_subject, department_id, product_status_id) VALUES (94, 'DOKUMENTACJA TECHNICZNA WYROBU MEDYCZNEGO', 'Walidacja procesu wytwarzania', 60, 2);
INSERT INTO assessment_pattern (id, dossier_module, assessment_subject, department_id, product_status_id) VALUES (95, 'DOKUMENTACJA TECHNICZNA WYROBU MEDYCZNEGO', 'Walidacja procesu wytwarzania', 10, 2);
INSERT INTO assessment_pattern (id, dossier_module, assessment_subject, department_id, product_status_id) VALUES (96, 'DOKUMENTACJA TECHNICZNA WYROBU MEDYCZNEGO', 'Wykaz norm zharmonizowanych zastosowanych w całości lub częściowo oraz innych zastosowanych norm i wymagań', 57, 2);
INSERT INTO assessment_pattern (id, dossier_module, assessment_subject, department_id, product_status_id) VALUES (97, 'DOKUMENTACJA TECHNICZNA WYROBU MEDYCZNEGO', 'Wykaz norm zharmonizowanych zastosowanych w całości lub częściowo oraz innych zastosowanych norm i wymagań', 60, 2);
INSERT INTO assessment_pattern (id, dossier_module, assessment_subject, department_id, product_status_id) VALUES (98, 'DOKUMENTACJA TECHNICZNA WYROBU MEDYCZNEGO', 'Wykaz norm zharmonizowanych zastosowanych w całości lub częściowo oraz innych zastosowanych norm i wymagań', 37, 2);
INSERT INTO assessment_pattern (id, dossier_module, assessment_subject, department_id, product_status_id) VALUES (99, 'DOKUMENTACJA TECHNICZNA WYROBU MEDYCZNEGO', 'Wykaz norm zharmonizowanych zastosowanych w całości lub częściowo oraz innych zastosowanych norm i wymagań', 10, 2);
INSERT INTO assessment_pattern (id, dossier_module, assessment_subject, department_id, product_status_id) VALUES (100, 'DOKUMENTACJA TECHNICZNA WYROBU MEDYCZNEGO', 'Opis spełnienia wymagań zasadniczych jeżeli nie oparto ich wyłącznie na normach zharmonizowanych', 57, 2);
INSERT INTO assessment_pattern (id, dossier_module, assessment_subject, department_id, product_status_id) VALUES (101, 'DOKUMENTACJA TECHNICZNA WYROBU MEDYCZNEGO', 'Opis spełnienia wymagań zasadniczych jeżeli nie oparto ich wyłącznie na normach zharmonizowanych', 60, 2);
INSERT INTO assessment_pattern (id, dossier_module, assessment_subject, department_id, product_status_id) VALUES (102, 'DOKUMENTACJA TECHNICZNA WYROBU MEDYCZNEGO', 'Opis spełnienia wymagań zasadniczych jeżeli nie oparto ich wyłącznie na normach zharmonizowanych', 37, 2);
INSERT INTO assessment_pattern (id, dossier_module, assessment_subject, department_id, product_status_id) VALUES (103, 'DOKUMENTACJA TECHNICZNA WYROBU MEDYCZNEGO', 'Opis spełnienia wymagań zasadniczych jeżeli nie oparto ich wyłącznie na normach zharmonizowanych', 10, 2);
INSERT INTO assessment_pattern (id, dossier_module, assessment_subject, department_id, product_status_id) VALUES (104, 'DOKUMENTACJA TECHNICZNA WYROBU MEDYCZNEGO', 'Badanie surowców i materiałów w tym: wyniki badań surowców stosowanych do wytwarzania wyrobu medycznego, atesty i certyfikaty materiałowe, świadectwa jakości oraz charakterystyka materiałów i surowców', 57, 2);
INSERT INTO assessment_pattern (id, dossier_module, assessment_subject, department_id, product_status_id) VALUES (105, 'DOKUMENTACJA TECHNICZNA WYROBU MEDYCZNEGO', 'Badanie surowców i materiałów w tym: wyniki badań surowców stosowanych do wytwarzania wyrobu medycznego, atesty i certyfikaty materiałowe, świadectwa jakości oraz charakterystyka materiałów i surowców', 60, 2);
INSERT INTO assessment_pattern (id, dossier_module, assessment_subject, department_id, product_status_id) VALUES (106, 'DOKUMENTACJA TECHNICZNA WYROBU MEDYCZNEGO', 'Raporty z badań z laboratoriów akredytowanych  na zgodność z wymaganiami norm zharmonizowanych', 57, 2);
INSERT INTO assessment_pattern (id, dossier_module, assessment_subject, department_id, product_status_id) VALUES (107, 'DOKUMENTACJA TECHNICZNA WYROBU MEDYCZNEGO', 'Deklaracja zgodności WE wyrobu medycznego ', 37, 2);
INSERT INTO assessment_pattern (id, dossier_module, assessment_subject, department_id, product_status_id) VALUES (108, 'DOKUMENTACJA TECHNICZNA WYROBU MEDYCZNEGO', 'Zarządzanie ryzykiem i analiza ryzyka w tym: Sprawozdanie z analizy ryzyka na zgodność z PN-EN ISO 14971', 60, 2);
INSERT INTO assessment_pattern (id, dossier_module, assessment_subject, department_id, product_status_id) VALUES (109, 'DOKUMENTACJA TECHNICZNA WYROBU MEDYCZNEGO', 'Ocena biokompatybilności wyrobu medycznego zgodnie z PN-EN ISO 10993-1', 37, 2);
INSERT INTO assessment_pattern (id, dossier_module, assessment_subject, department_id, product_status_id) VALUES (110, 'DOKUMENTACJA TECHNICZNA WYROBU MEDYCZNEGO', 'Ocena użyteczności wyrobu zgodnie z PN-EN 62366 (jeśli dotyczy)', 60, 2);
INSERT INTO assessment_pattern (id, dossier_module, assessment_subject, department_id, product_status_id) VALUES (111, 'DOKUMENTACJA TECHNICZNA WYROBU MEDYCZNEGO', 'Walidacja metod pomiarowych dla wyrobów z funkcją pomiarową (jeśli dotyczy)', 57, 2);
INSERT INTO assessment_pattern (id, dossier_module, assessment_subject, department_id, product_status_id) VALUES (112, 'DOKUMENTACJA TECHNICZNA WYROBU MEDYCZNEGO', 'Ocena przedkliniczna ', 37, 2);
INSERT INTO assessment_pattern (id, dossier_module, assessment_subject, department_id, product_status_id) VALUES (113, 'DOKUMENTACJA TECHNICZNA WYROBU MEDYCZNEGO', 'Ocena kliniczna (wg Rozporządzenia Ministra Zdrowia z dnia 10-03-2011 r. w sprawie szczegółowych warunków, jakim powinna odpowiadać ocena kliniczna wyrobów medycznych lub aktywnych wyrobów do implantacji – Dz. U. 2011, Nr 63, poz. 331) ', 37, 2);
INSERT INTO assessment_pattern (id, dossier_module, assessment_subject, department_id, product_status_id) VALUES (114, 'DOKUMENTACJA TECHNICZNA WYROBU MEDYCZNEGO', 'Projekt oznakowania (etykieta), opakowania ', 37, 2);
INSERT INTO assessment_pattern (id, dossier_module, assessment_subject, department_id, product_status_id) VALUES (115, 'DOKUMENTACJA TECHNICZNA WYROBU MEDYCZNEGO', 'Instrukcja używania wyrobu medycznego ', 37, 2);
INSERT INTO assessment_pattern (id, dossier_module, assessment_subject, department_id, product_status_id) VALUES (116, 'DOKUMENTACJA TECHNICZNA WYROBU MEDYCZNEGO', 'Broszury, foldery, prezentacje i inne materiały promocyjne o wyrobach medycznych autorstwa wnioskodawcy ', 27, 2);
INSERT INTO assessment_pattern (id, dossier_module, assessment_subject, department_id, product_status_id) VALUES (117, 'DOKUMENTACJA TECHNICZNA WYROBU MEDYCZNEGO', 'Badania stabilności – raport z badań (jeśli dotyczy)', 57, 2);
INSERT INTO assessment_pattern (id, dossier_module, assessment_subject, department_id, product_status_id) VALUES (118, 'DOKUMENTACJA TECHNICZNA WYROBU MEDYCZNEGO', 'Lista wszystkich dostawców i podwykonawców, z zaznaczeniem kluczowych dostawców i podwykonawców o znaczeniu krytycznym, certyfikaty dostawców/podwykonawców (jeśli dotyczy)', 60, 2);
INSERT INTO assessment_pattern (id, dossier_module, assessment_subject, department_id, product_status_id) VALUES (119, 'DOKUMENTACJA TECHNICZNA WYROBU MEDYCZNEGO', 'Lista wszystkich dostawców i podwykonawców, z zaznaczeniem kluczowych dostawców i podwykonawców o znaczeniu krytycznym, certyfikaty dostawców/podwykonawców (jeśli dotyczy)', 10, 2);
INSERT INTO assessment_pattern (id, dossier_module, assessment_subject, department_id, product_status_id) VALUES (120, 'DOKUMENTACJA SYSTEMU ZARZĄDZANIA JAKOŚCIĄ WYTWÓRCY', 'Księga jakości + polityka i cele jakości ', 10, 2);
INSERT INTO assessment_pattern (id, dossier_module, assessment_subject, department_id, product_status_id) VALUES (121, 'DOKUMENTACJA SYSTEMU ZARZĄDZANIA JAKOŚCIĄ WYTWÓRCY', 'Schemat organizacyjny oraz odpowiedzialności i kompetencje personelu kierowniczego', 10, 2);
INSERT INTO assessment_pattern (id, dossier_module, assessment_subject, department_id, product_status_id) VALUES (122, 'DOKUMENTACJA SYSTEMU ZARZĄDZANIA JAKOŚCIĄ WYTWÓRCY', 'Procedura nadzoru nad dokumentami i zapisami ', 10, 2);
INSERT INTO assessment_pattern (id, dossier_module, assessment_subject, department_id, product_status_id) VALUES (123, 'DOKUMENTACJA SYSTEMU ZARZĄDZANIA JAKOŚCIĄ WYTWÓRCY', 'Procedura zarządzania ryzykiem ', 10, 2);
INSERT INTO assessment_pattern (id, dossier_module, assessment_subject, department_id, product_status_id) VALUES (124, 'DOKUMENTACJA SYSTEMU ZARZĄDZANIA JAKOŚCIĄ WYTWÓRCY', 'Procedura projektowania ', 10, 2);
INSERT INTO assessment_pattern (id, dossier_module, assessment_subject, department_id, product_status_id) VALUES (125, 'DOKUMENTACJA SYSTEMU ZARZĄDZANIA JAKOŚCIĄ WYTWÓRCY', 'Procedura zakupów i nadzorowania podwykonawców', 10, 2);
INSERT INTO assessment_pattern (id, dossier_module, assessment_subject, department_id, product_status_id) VALUES (126, 'DOKUMENTACJA SYSTEMU ZARZĄDZANIA JAKOŚCIĄ WYTWÓRCY', 'Procedura nadzorowania wyrobu niezgodnego', 10, 2);
INSERT INTO assessment_pattern (id, dossier_module, assessment_subject, department_id, product_status_id) VALUES (127, 'DOKUMENTACJA SYSTEMU ZARZĄDZANIA JAKOŚCIĄ WYTWÓRCY', 'Procedura działań korygujących i zapobiegawczych ', 10, 2);
INSERT INTO assessment_pattern (id, dossier_module, assessment_subject, department_id, product_status_id) VALUES (128, 'DOKUMENTACJA SYSTEMU ZARZĄDZANIA JAKOŚCIĄ WYTWÓRCY', 'Procedury serwisowania (jeśli dotyczy) ', 10, 2);
INSERT INTO assessment_pattern (id, dossier_module, assessment_subject, department_id, product_status_id) VALUES (129, 'DOKUMENTACJA SYSTEMU ZARZĄDZANIA JAKOŚCIĄ WYTWÓRCY', 'Procedura sterylizacji (jeśli dotyczy)', 10, 2);
INSERT INTO assessment_pattern (id, dossier_module, assessment_subject, department_id, product_status_id) VALUES (130, 'DOKUMENTACJA SYSTEMU ZARZĄDZANIA JAKOŚCIĄ WYTWÓRCY', 'Procedura identyfikacji i identyfikowalności wyrobu medycznego ', 10, 2);
INSERT INTO assessment_pattern (id, dossier_module, assessment_subject, department_id, product_status_id) VALUES (131, 'DOKUMENTACJA SYSTEMU ZARZĄDZANIA JAKOŚCIĄ WYTWÓRCY', 'Procedura zabezpieczania wyrobu ', 10, 2);
INSERT INTO assessment_pattern (id, dossier_module, assessment_subject, department_id, product_status_id) VALUES (132, 'DOKUMENTACJA SYSTEMU ZARZĄDZANIA JAKOŚCIĄ WYTWÓRCY', 'Procedura nadzoru nad wyposażeniem do pomiarów', 10, 2);
INSERT INTO assessment_pattern (id, dossier_module, assessment_subject, department_id, product_status_id) VALUES (133, 'DOKUMENTACJA SYSTEMU ZARZĄDZANIA JAKOŚCIĄ WYTWÓRCY', 'Procedura pozyskiwania informacji zwrotnych o wyrobie od użytkowników (analiza danych)', 10, 2);
INSERT INTO assessment_pattern (id, dossier_module, assessment_subject, department_id, product_status_id) VALUES (134, 'DOKUMENTACJA SYSTEMU ZARZĄDZANIA JAKOŚCIĄ WYTWÓRCY', 'Procedura badania w trakcie wytwarzania i/lub badania końcowego wyrobu medycznego', 10, 2);
INSERT INTO assessment_pattern (id, dossier_module, assessment_subject, department_id, product_status_id) VALUES (135, 'DOKUMENTACJA SYSTEMU ZARZĄDZANIA JAKOŚCIĄ WYTWÓRCY', 'Procedura auditów wewnętrznych', 10, 2);
INSERT INTO assessment_pattern (id, dossier_module, assessment_subject, department_id, product_status_id) VALUES (136, 'DOKUMENTACJA SYSTEMU ZARZĄDZANIA JAKOŚCIĄ WYTWÓRCY', 'Procedura pomiarów wyrobu ', 10, 2);
INSERT INTO assessment_pattern (id, dossier_module, assessment_subject, department_id, product_status_id) VALUES (137, 'DOKUMENTACJA SYSTEMU ZARZĄDZANIA JAKOŚCIĄ WYTWÓRCY', 'Procedura wydawania i wdrażania notatek doradczych ', 10, 2);
INSERT INTO assessment_pattern (id, dossier_module, assessment_subject, department_id, product_status_id) VALUES (138, 'DOKUMENTACJA SYSTEMU ZARZĄDZANIA JAKOŚCIĄ WYTWÓRCY', 'Procedura postępowania w przypadku wystąpienia incydentów medycznych', 10, 2);
INSERT INTO assessment_pattern (id, dossier_module, assessment_subject, department_id, product_status_id) VALUES (139, 'DOKUMENTACJA SYSTEMU ZARZĄDZANIA JAKOŚCIĄ WYTWÓRCY', 'Procedura systematycznego przeglądu doświadczeń uzyskanych po wprowadzeniu wyrobu medycznego do obrotu', 10, 2);
INSERT INTO assessment_pattern (id, dossier_module, assessment_subject, department_id, product_status_id) VALUES (140, NULL, 'reklamacje produktu', 11, 2);
INSERT INTO assessment_pattern (id, dossier_module, assessment_subject, department_id, product_status_id) VALUES (141, NULL, 'produkcja', 36, 2);
INSERT INTO assessment_pattern (id, dossier_module, assessment_subject, department_id, product_status_id) VALUES (142, NULL, 'pakowanie', 36, 2);
INSERT INTO assessment_pattern (id, dossier_module, assessment_subject, department_id, product_status_id) VALUES (143, NULL, 'dostepność materiałów wyjściowych i opakowaniowych możliwość realizacji zamówień', 39, 2);
INSERT INTO assessment_pattern (id, dossier_module, assessment_subject, department_id, product_status_id) VALUES (144, NULL, 'uwagi ogólne do produktu audyty u wytwórców API', 78, 2);
INSERT INTO assessment_pattern (id, dossier_module, assessment_subject, department_id, product_status_id) VALUES (145, 'OŚWIADCZENIA / ZOBOWIĄZANIA', 'Kopia Aktualnego Odpisu KRS lub zaświadczenia o działalności gospodarczej', 37, 3);
INSERT INTO assessment_pattern (id, dossier_module, assessment_subject, department_id, product_status_id) VALUES (146, 'OŚWIADCZENIA / ZOBOWIĄZANIA', 'Pisemne oświadczenia o niezłożeniu wniosku o dokonanie oceny wyrobu do innej JN', 37, 3);
INSERT INTO assessment_pattern (id, dossier_module, assessment_subject, department_id, product_status_id) VALUES (147, 'OŚWIADCZENIA / ZOBOWIĄZANIA', 'Pisemne oświadczenie o niewystąpieniu incydentów medycznych z wyrobem zgłoszonym do certyfikacji', 28, 3);
INSERT INTO assessment_pattern (id, dossier_module, assessment_subject, department_id, product_status_id) VALUES (148, 'OŚWIADCZENIA / ZOBOWIĄZANIA', 'Zobowiązanie wytwórcy do utrzymania procedury systematycznego przeglądu doświadczeń uzyskanych po wprowadzeniu wyrobu medycznego do obrotu ', 28, 3);
INSERT INTO assessment_pattern (id, dossier_module, assessment_subject, department_id, product_status_id) VALUES (149, 'OŚWIADCZENIA / ZOBOWIĄZANIA', 'Zobowiązanie wypełnienia obowiązków wynikających z posiadanego systemu jakości ', 10, 3);
INSERT INTO assessment_pattern (id, dossier_module, assessment_subject, department_id, product_status_id) VALUES (150, 'OŚWIADCZENIA / ZOBOWIĄZANIA', 'Zobowiązanie wytwórcy do utrzymania skuteczności systemu zapewnienia jakości ', 10, 3);
INSERT INTO assessment_pattern (id, dossier_module, assessment_subject, department_id, product_status_id) VALUES (151, 'OŚWIADCZENIA / ZOBOWIĄZANIA', 'Zobowiązanie wytwórcy do utrzymania procedury postępowania zgodnie z rozdz. 9 ustawy w przypadku powzięcia informacji o wystąpieniu incydentu medycznego', 28, 3);
INSERT INTO assessment_pattern (id, dossier_module, assessment_subject, department_id, product_status_id) VALUES (152, 'OŚWIADCZENIA / ZOBOWIĄZANIA', 'Pisemne oświadczenie, czy wyrób medyczny zawiera tkanki pochodzenia zwierzęcego oraz dane z przeprowadzonych analiz ryzyka i zarządzania ryzykiem (wg zał. nr 9 rozp.)', 61, 3);
INSERT INTO assessment_pattern (id, dossier_module, assessment_subject, department_id, product_status_id) VALUES (153, 'OŚWIADCZENIA / ZOBOWIĄZANIA', 'Pisemne oświadczenie, czy wyrób medyczny zawiera substancję leczniczą oraz dane z badań przeprowadzonych w związku z takim połączeniem ', 37, 3);
INSERT INTO assessment_pattern (id, dossier_module, assessment_subject, department_id, product_status_id) VALUES (154, 'OŚWIADCZENIA / ZOBOWIĄZANIA', 'Pisemne oświadczenie, czy wyrób med. zawiera produkt krwiopochodny oraz dane z badań przeprowadzonych w związku z takim połączeniem', 37, 3);
INSERT INTO assessment_pattern (id, dossier_module, assessment_subject, department_id, product_status_id) VALUES (155, 'OŚWIADCZENIA / ZOBOWIĄZANIA', 'Świadectwo wolnej sprzedaży wydawane przez URPLWM w celu ułatwienia eksportu wyrobu medycznego (jeśli dotyczy)', 37, 3);
INSERT INTO assessment_pattern (id, dossier_module, assessment_subject, department_id, product_status_id) VALUES (156, 'DOKUMENTACJA TECHNICZNA WYROBU MEDYCZNEGO', 'Opis typu wyrobu wraz z wersjami oraz wykazem różnic między wersjami, przewidziane zastosowanie', 37, 3);
INSERT INTO assessment_pattern (id, dossier_module, assessment_subject, department_id, product_status_id) VALUES (157, 'DOKUMENTACJA TECHNICZNA WYROBU MEDYCZNEGO', 'Specyfikacja techniczna (specyfikacja wyrobu medycznego)', 57, 3);
INSERT INTO assessment_pattern (id, dossier_module, assessment_subject, department_id, product_status_id) VALUES (158, 'DOKUMENTACJA TECHNICZNA WYROBU MEDYCZNEGO', 'Klasyfikacja wyrobu medycznego, Reguła wg Dyrektywy 93/42/EWG, Rozporządzenie Ministra Zdrowia z dnia 5 listopada 2010 r. w sprawie sposobu klasyfikowania wyrobów medycznych (Dz. U. Nr 215, poz. 1416) oraz Manual on borderline and classification in the community, regulatory framework for medical devices version 1.17 (09-2015)', 37, 3);
INSERT INTO assessment_pattern (id, dossier_module, assessment_subject, department_id, product_status_id) VALUES (159, 'DOKUMENTACJA TECHNICZNA WYROBU MEDYCZNEGO', 'Lista kontrolna wymagań zasadniczych (załącznik 1 Rozporządzenia Ministra Zdrowia z dnia 17 lutego 2016 r. w sprawie wymagań zasadniczych oraz procedur oceny zgodności wyrobów medycznych)', 37, 3);
INSERT INTO assessment_pattern (id, dossier_module, assessment_subject, department_id, product_status_id) VALUES (160, 'DOKUMENTACJA TECHNICZNA WYROBU MEDYCZNEGO', 'Rysunki projektowe, specyfikacje podzespołów i części, schematy obwodów ', 60, 3);
INSERT INTO assessment_pattern (id, dossier_module, assessment_subject, department_id, product_status_id) VALUES (161, 'DOKUMENTACJA TECHNICZNA WYROBU MEDYCZNEGO', 'Walidacja procesu wytwarzania', 60, 3);
INSERT INTO assessment_pattern (id, dossier_module, assessment_subject, department_id, product_status_id) VALUES (162, 'DOKUMENTACJA TECHNICZNA WYROBU MEDYCZNEGO', 'Walidacja procesu wytwarzania', 10, 3);
INSERT INTO assessment_pattern (id, dossier_module, assessment_subject, department_id, product_status_id) VALUES (163, 'DOKUMENTACJA TECHNICZNA WYROBU MEDYCZNEGO', 'Wykaz norm zharmonizowanych zastosowanych w całości lub częściowo oraz innych zastosowanych norm i wymagań', 57, 3);
INSERT INTO assessment_pattern (id, dossier_module, assessment_subject, department_id, product_status_id) VALUES (164, 'DOKUMENTACJA TECHNICZNA WYROBU MEDYCZNEGO', 'Wykaz norm zharmonizowanych zastosowanych w całości lub częściowo oraz innych zastosowanych norm i wymagań', 60, 3);
INSERT INTO assessment_pattern (id, dossier_module, assessment_subject, department_id, product_status_id) VALUES (165, 'DOKUMENTACJA TECHNICZNA WYROBU MEDYCZNEGO', 'Wykaz norm zharmonizowanych zastosowanych w całości lub częściowo oraz innych zastosowanych norm i wymagań', 37, 3);
INSERT INTO assessment_pattern (id, dossier_module, assessment_subject, department_id, product_status_id) VALUES (166, 'DOKUMENTACJA TECHNICZNA WYROBU MEDYCZNEGO', 'Wykaz norm zharmonizowanych zastosowanych w całości lub częściowo oraz innych zastosowanych norm i wymagań', 10, 3);
INSERT INTO assessment_pattern (id, dossier_module, assessment_subject, department_id, product_status_id) VALUES (167, 'DOKUMENTACJA TECHNICZNA WYROBU MEDYCZNEGO', 'Opis spełnienia wymagań zasadniczych jeżeli nie oparto ich wyłącznie na normach zharmonizowanych', 57, 3);
INSERT INTO assessment_pattern (id, dossier_module, assessment_subject, department_id, product_status_id) VALUES (168, 'DOKUMENTACJA TECHNICZNA WYROBU MEDYCZNEGO', 'Opis spełnienia wymagań zasadniczych jeżeli nie oparto ich wyłącznie na normach zharmonizowanych', 60, 3);
INSERT INTO assessment_pattern (id, dossier_module, assessment_subject, department_id, product_status_id) VALUES (169, 'DOKUMENTACJA TECHNICZNA WYROBU MEDYCZNEGO', 'Opis spełnienia wymagań zasadniczych jeżeli nie oparto ich wyłącznie na normach zharmonizowanych', 37, 3);
INSERT INTO assessment_pattern (id, dossier_module, assessment_subject, department_id, product_status_id) VALUES (170, 'DOKUMENTACJA TECHNICZNA WYROBU MEDYCZNEGO', 'Opis spełnienia wymagań zasadniczych jeżeli nie oparto ich wyłącznie na normach zharmonizowanych', 10, 3);
INSERT INTO assessment_pattern (id, dossier_module, assessment_subject, department_id, product_status_id) VALUES (171, 'DOKUMENTACJA TECHNICZNA WYROBU MEDYCZNEGO', 'Badanie surowców i materiałów w tym: wyniki badań surowców stosowanych do wytwarzania wyrobu medycznego, atesty i certyfikaty materiałowe, świadectwa jakości oraz charakterystyka materiałów i surowców', 57, 3);
INSERT INTO assessment_pattern (id, dossier_module, assessment_subject, department_id, product_status_id) VALUES (172, 'DOKUMENTACJA TECHNICZNA WYROBU MEDYCZNEGO', 'Badanie surowców i materiałów w tym: wyniki badań surowców stosowanych do wytwarzania wyrobu medycznego, atesty i certyfikaty materiałowe, świadectwa jakości oraz charakterystyka materiałów i surowców', 60, 3);
INSERT INTO assessment_pattern (id, dossier_module, assessment_subject, department_id, product_status_id) VALUES (173, 'DOKUMENTACJA TECHNICZNA WYROBU MEDYCZNEGO', 'Raporty z badań z laboratoriów akredytowanych  na zgodność z wymaganiami norm zharmonizowanych', 57, 3);
INSERT INTO assessment_pattern (id, dossier_module, assessment_subject, department_id, product_status_id) VALUES (174, 'DOKUMENTACJA TECHNICZNA WYROBU MEDYCZNEGO', 'Deklaracja zgodności WE wyrobu medycznego ', 37, 3);
INSERT INTO assessment_pattern (id, dossier_module, assessment_subject, department_id, product_status_id) VALUES (175, 'DOKUMENTACJA TECHNICZNA WYROBU MEDYCZNEGO', 'Zarządzanie ryzykiem i analiza ryzyka w tym: Sprawozdanie z analizy ryzyka na zgodność z PN-EN ISO 14971', 60, 3);
INSERT INTO assessment_pattern (id, dossier_module, assessment_subject, department_id, product_status_id) VALUES (176, 'DOKUMENTACJA TECHNICZNA WYROBU MEDYCZNEGO', 'Ocena biokompatybilności wyrobu medycznego zgodnie z PN-EN ISO 10993-1', 37, 3);
INSERT INTO assessment_pattern (id, dossier_module, assessment_subject, department_id, product_status_id) VALUES (177, 'DOKUMENTACJA TECHNICZNA WYROBU MEDYCZNEGO', 'Ocena użyteczności wyrobu zgodnie z PN-EN 62366 (jeśli dotyczy)', 60, 3);
INSERT INTO assessment_pattern (id, dossier_module, assessment_subject, department_id, product_status_id) VALUES (178, 'DOKUMENTACJA TECHNICZNA WYROBU MEDYCZNEGO', 'Walidacja metod pomiarowych dla wyrobów z funkcją pomiarową (jeśli dotyczy)', 57, 3);
INSERT INTO assessment_pattern (id, dossier_module, assessment_subject, department_id, product_status_id) VALUES (179, 'DOKUMENTACJA TECHNICZNA WYROBU MEDYCZNEGO', 'Ocena przedkliniczna ', 37, 3);
INSERT INTO assessment_pattern (id, dossier_module, assessment_subject, department_id, product_status_id) VALUES (180, 'DOKUMENTACJA TECHNICZNA WYROBU MEDYCZNEGO', 'Ocena kliniczna (wg Rozporządzenia Ministra Zdrowia z dnia 10-03-2011 r. w sprawie szczegółowych warunków, jakim powinna odpowiadać ocena kliniczna wyrobów medycznych lub aktywnych wyrobów do implantacji – Dz. U. 2011, Nr 63, poz. 331) ', 37, 3);
INSERT INTO assessment_pattern (id, dossier_module, assessment_subject, department_id, product_status_id) VALUES (181, 'DOKUMENTACJA TECHNICZNA WYROBU MEDYCZNEGO', 'Projekt oznakowania (etykieta), opakowania ', 37, 3);
INSERT INTO assessment_pattern (id, dossier_module, assessment_subject, department_id, product_status_id) VALUES (182, 'DOKUMENTACJA TECHNICZNA WYROBU MEDYCZNEGO', 'Instrukcja używania wyrobu medycznego ', 37, 3);
INSERT INTO assessment_pattern (id, dossier_module, assessment_subject, department_id, product_status_id) VALUES (183, 'DOKUMENTACJA TECHNICZNA WYROBU MEDYCZNEGO', 'Broszury, foldery, prezentacje i inne materiały promocyjne o wyrobach medycznych autorstwa wnioskodawcy ', 27, 3);
INSERT INTO assessment_pattern (id, dossier_module, assessment_subject, department_id, product_status_id) VALUES (184, 'DOKUMENTACJA TECHNICZNA WYROBU MEDYCZNEGO', 'Badania stabilności – raport z badań (jeśli dotyczy)', 57, 3);
INSERT INTO assessment_pattern (id, dossier_module, assessment_subject, department_id, product_status_id) VALUES (185, 'DOKUMENTACJA TECHNICZNA WYROBU MEDYCZNEGO', 'Lista wszystkich dostawców i podwykonawców, z zaznaczeniem kluczowych dostawców i podwykonawców o znaczeniu krytycznym, certyfikaty dostawców/podwykonawców (jeśli dotyczy)', 60, 3);
INSERT INTO assessment_pattern (id, dossier_module, assessment_subject, department_id, product_status_id) VALUES (186, 'DOKUMENTACJA TECHNICZNA WYROBU MEDYCZNEGO', 'Lista wszystkich dostawców i podwykonawców, z zaznaczeniem kluczowych dostawców i podwykonawców o znaczeniu krytycznym, certyfikaty dostawców/podwykonawców (jeśli dotyczy)', 10, 3);
INSERT INTO assessment_pattern (id, dossier_module, assessment_subject, department_id, product_status_id) VALUES (187, 'DOKUMENTACJA SYSTEMU ZARZĄDZANIA JAKOŚCIĄ WYTWÓRCY', 'Księga jakości + polityka i cele jakości ', 10, 3);
INSERT INTO assessment_pattern (id, dossier_module, assessment_subject, department_id, product_status_id) VALUES (188, 'DOKUMENTACJA SYSTEMU ZARZĄDZANIA JAKOŚCIĄ WYTWÓRCY', 'Schemat organizacyjny oraz odpowiedzialności i kompetencje personelu kierowniczego', 10, 3);
INSERT INTO assessment_pattern (id, dossier_module, assessment_subject, department_id, product_status_id) VALUES (189, 'DOKUMENTACJA SYSTEMU ZARZĄDZANIA JAKOŚCIĄ WYTWÓRCY', 'Procedura nadzoru nad dokumentami i zapisami ', 10, 3);
INSERT INTO assessment_pattern (id, dossier_module, assessment_subject, department_id, product_status_id) VALUES (190, 'DOKUMENTACJA SYSTEMU ZARZĄDZANIA JAKOŚCIĄ WYTWÓRCY', 'Procedura zarządzania ryzykiem ', 10, 3);
INSERT INTO assessment_pattern (id, dossier_module, assessment_subject, department_id, product_status_id) VALUES (191, 'DOKUMENTACJA SYSTEMU ZARZĄDZANIA JAKOŚCIĄ WYTWÓRCY', 'Procedura projektowania ', 10, 3);
INSERT INTO assessment_pattern (id, dossier_module, assessment_subject, department_id, product_status_id) VALUES (192, 'DOKUMENTACJA SYSTEMU ZARZĄDZANIA JAKOŚCIĄ WYTWÓRCY', 'Procedura zakupów i nadzorowania podwykonawców', 10, 3);
INSERT INTO assessment_pattern (id, dossier_module, assessment_subject, department_id, product_status_id) VALUES (193, 'DOKUMENTACJA SYSTEMU ZARZĄDZANIA JAKOŚCIĄ WYTWÓRCY', 'Procedura nadzorowania wyrobu niezgodnego', 10, 3);
INSERT INTO assessment_pattern (id, dossier_module, assessment_subject, department_id, product_status_id) VALUES (194, 'DOKUMENTACJA SYSTEMU ZARZĄDZANIA JAKOŚCIĄ WYTWÓRCY', 'Procedura działań korygujących i zapobiegawczych ', 10, 3);
INSERT INTO assessment_pattern (id, dossier_module, assessment_subject, department_id, product_status_id) VALUES (195, 'DOKUMENTACJA SYSTEMU ZARZĄDZANIA JAKOŚCIĄ WYTWÓRCY', 'Procedury serwisowania (jeśli dotyczy) ', 10, 3);
INSERT INTO assessment_pattern (id, dossier_module, assessment_subject, department_id, product_status_id) VALUES (196, 'DOKUMENTACJA SYSTEMU ZARZĄDZANIA JAKOŚCIĄ WYTWÓRCY', 'Procedura sterylizacji (jeśli dotyczy)', 10, 3);
INSERT INTO assessment_pattern (id, dossier_module, assessment_subject, department_id, product_status_id) VALUES (197, 'DOKUMENTACJA SYSTEMU ZARZĄDZANIA JAKOŚCIĄ WYTWÓRCY', 'Procedura identyfikacji i identyfikowalności wyrobu medycznego ', 10, 3);
INSERT INTO assessment_pattern (id, dossier_module, assessment_subject, department_id, product_status_id) VALUES (198, 'DOKUMENTACJA SYSTEMU ZARZĄDZANIA JAKOŚCIĄ WYTWÓRCY', 'Procedura zabezpieczania wyrobu ', 10, 3);
INSERT INTO assessment_pattern (id, dossier_module, assessment_subject, department_id, product_status_id) VALUES (199, 'DOKUMENTACJA SYSTEMU ZARZĄDZANIA JAKOŚCIĄ WYTWÓRCY', 'Procedura nadzoru nad wyposażeniem do pomiarów', 10, 3);
INSERT INTO assessment_pattern (id, dossier_module, assessment_subject, department_id, product_status_id) VALUES (200, 'DOKUMENTACJA SYSTEMU ZARZĄDZANIA JAKOŚCIĄ WYTWÓRCY', 'Procedura pozyskiwania informacji zwrotnych o wyrobie od użytkowników (analiza danych)', 10, 3);
INSERT INTO assessment_pattern (id, dossier_module, assessment_subject, department_id, product_status_id) VALUES (201, 'DOKUMENTACJA SYSTEMU ZARZĄDZANIA JAKOŚCIĄ WYTWÓRCY', 'Procedura badania w trakcie wytwarzania i/lub badania końcowego wyrobu medycznego', 10, 3);
INSERT INTO assessment_pattern (id, dossier_module, assessment_subject, department_id, product_status_id) VALUES (202, 'DOKUMENTACJA SYSTEMU ZARZĄDZANIA JAKOŚCIĄ WYTWÓRCY', 'Procedura auditów wewnętrznych', 10, 3);
INSERT INTO assessment_pattern (id, dossier_module, assessment_subject, department_id, product_status_id) VALUES (203, 'DOKUMENTACJA SYSTEMU ZARZĄDZANIA JAKOŚCIĄ WYTWÓRCY', 'Procedura pomiarów wyrobu ', 10, 3);
INSERT INTO assessment_pattern (id, dossier_module, assessment_subject, department_id, product_status_id) VALUES (204, 'DOKUMENTACJA SYSTEMU ZARZĄDZANIA JAKOŚCIĄ WYTWÓRCY', 'Procedura wydawania i wdrażania notatek doradczych ', 10, 3);
INSERT INTO assessment_pattern (id, dossier_module, assessment_subject, department_id, product_status_id) VALUES (205, 'DOKUMENTACJA SYSTEMU ZARZĄDZANIA JAKOŚCIĄ WYTWÓRCY', 'Procedura postępowania w przypadku wystąpienia incydentów medycznych', 10, 3);
INSERT INTO assessment_pattern (id, dossier_module, assessment_subject, department_id, product_status_id) VALUES (206, 'DOKUMENTACJA SYSTEMU ZARZĄDZANIA JAKOŚCIĄ WYTWÓRCY', 'Procedura systematycznego przeglądu doświadczeń uzyskanych po wprowadzeniu wyrobu medycznego do obrotu', 10, 3);
INSERT INTO assessment_pattern (id, dossier_module, assessment_subject, department_id, product_status_id) VALUES (207, NULL, 'reklamacje produktu', 11, 3);
INSERT INTO assessment_pattern (id, dossier_module, assessment_subject, department_id, product_status_id) VALUES (208, NULL, 'produkcja', 36, 3);
INSERT INTO assessment_pattern (id, dossier_module, assessment_subject, department_id, product_status_id) VALUES (209, NULL, 'pakowanie', 36, 3);
INSERT INTO assessment_pattern (id, dossier_module, assessment_subject, department_id, product_status_id) VALUES (210, NULL, 'dostepność materiałów wyjściowych i opakowaniowych możliwość realizacji zamówień', 39, 3);
INSERT INTO assessment_pattern (id, dossier_module, assessment_subject, department_id, product_status_id) VALUES (211, NULL, 'uwagi ogólne do produktu audyty u wytwórców API', 78, 3);
INSERT INTO assessment_pattern (id, dossier_module, assessment_subject, department_id, product_status_id) VALUES (212, 'OŚWIADCZENIA / ZOBOWIĄZANIA', 'Kopia Aktualnego Odpisu KRS lub zaświadczenia o działalności gospodarczej', 37, 4);
INSERT INTO assessment_pattern (id, dossier_module, assessment_subject, department_id, product_status_id) VALUES (213, 'OŚWIADCZENIA / ZOBOWIĄZANIA', 'Pisemne oświadczenia o niezłożeniu wniosku o dokonanie oceny wyrobu do innej JN', 37, 4);
INSERT INTO assessment_pattern (id, dossier_module, assessment_subject, department_id, product_status_id) VALUES (214, 'OŚWIADCZENIA / ZOBOWIĄZANIA', 'Pisemne oświadczenie o niewystąpieniu incydentów medycznych z wyrobem zgłoszonym do certyfikacji', 28, 4);
INSERT INTO assessment_pattern (id, dossier_module, assessment_subject, department_id, product_status_id) VALUES (215, 'OŚWIADCZENIA / ZOBOWIĄZANIA', 'Zobowiązanie wytwórcy do utrzymania procedury systematycznego przeglądu doświadczeń uzyskanych po wprowadzeniu wyrobu medycznego do obrotu ', 28, 4);
INSERT INTO assessment_pattern (id, dossier_module, assessment_subject, department_id, product_status_id) VALUES (216, 'OŚWIADCZENIA / ZOBOWIĄZANIA', 'Zobowiązanie wypełnienia obowiązków wynikających z posiadanego systemu jakości ', 10, 4);
INSERT INTO assessment_pattern (id, dossier_module, assessment_subject, department_id, product_status_id) VALUES (217, 'OŚWIADCZENIA / ZOBOWIĄZANIA', 'Zobowiązanie wytwórcy do utrzymania skuteczności systemu zapewnienia jakości ', 10, 4);
INSERT INTO assessment_pattern (id, dossier_module, assessment_subject, department_id, product_status_id) VALUES (218, 'OŚWIADCZENIA / ZOBOWIĄZANIA', 'Zobowiązanie wytwórcy do utrzymania procedury postępowania zgodnie z rozdz. 9 ustawy w przypadku powzięcia informacji o wystąpieniu incydentu medycznego', 28, 4);
INSERT INTO assessment_pattern (id, dossier_module, assessment_subject, department_id, product_status_id) VALUES (219, 'OŚWIADCZENIA / ZOBOWIĄZANIA', 'Pisemne oświadczenie, czy wyrób medyczny zawiera tkanki pochodzenia zwierzęcego oraz dane z przeprowadzonych analiz ryzyka i zarządzania ryzykiem (wg zał. nr 9 rozp.)', 61, 4);
INSERT INTO assessment_pattern (id, dossier_module, assessment_subject, department_id, product_status_id) VALUES (220, 'OŚWIADCZENIA / ZOBOWIĄZANIA', 'Pisemne oświadczenie, czy wyrób medyczny zawiera substancję leczniczą oraz dane z badań przeprowadzonych w związku z takim połączeniem ', 37, 4);
INSERT INTO assessment_pattern (id, dossier_module, assessment_subject, department_id, product_status_id) VALUES (221, 'OŚWIADCZENIA / ZOBOWIĄZANIA', 'Pisemne oświadczenie, czy wyrób med. zawiera produkt krwiopochodny oraz dane z badań przeprowadzonych w związku z takim połączeniem', 37, 4);
INSERT INTO assessment_pattern (id, dossier_module, assessment_subject, department_id, product_status_id) VALUES (222, 'OŚWIADCZENIA / ZOBOWIĄZANIA', 'Świadectwo wolnej sprzedaży wydawane przez URPLWM w celu ułatwienia eksportu wyrobu medycznego (jeśli dotyczy)', 37, 4);
INSERT INTO assessment_pattern (id, dossier_module, assessment_subject, department_id, product_status_id) VALUES (223, 'DOKUMENTACJA TECHNICZNA WYROBU MEDYCZNEGO', 'Opis typu wyrobu wraz z wersjami oraz wykazem różnic między wersjami, przewidziane zastosowanie', 37, 4);
INSERT INTO assessment_pattern (id, dossier_module, assessment_subject, department_id, product_status_id) VALUES (224, 'DOKUMENTACJA TECHNICZNA WYROBU MEDYCZNEGO', 'Specyfikacja techniczna (specyfikacja wyrobu medycznego)', 57, 4);
INSERT INTO assessment_pattern (id, dossier_module, assessment_subject, department_id, product_status_id) VALUES (225, 'DOKUMENTACJA TECHNICZNA WYROBU MEDYCZNEGO', 'Klasyfikacja wyrobu medycznego, Reguła wg Dyrektywy 93/42/EWG, Rozporządzenie Ministra Zdrowia z dnia 5 listopada 2010 r. w sprawie sposobu klasyfikowania wyrobów medycznych (Dz. U. Nr 215, poz. 1416) oraz Manual on borderline and classification in the community, regulatory framework for medical devices version 1.17 (09-2015)', 37, 4);
INSERT INTO assessment_pattern (id, dossier_module, assessment_subject, department_id, product_status_id) VALUES (226, 'DOKUMENTACJA TECHNICZNA WYROBU MEDYCZNEGO', 'Lista kontrolna wymagań zasadniczych (załącznik 1 Rozporządzenia Ministra Zdrowia z dnia 17 lutego 2016 r. w sprawie wymagań zasadniczych oraz procedur oceny zgodności wyrobów medycznych)', 37, 4);
INSERT INTO assessment_pattern (id, dossier_module, assessment_subject, department_id, product_status_id) VALUES (227, 'DOKUMENTACJA TECHNICZNA WYROBU MEDYCZNEGO', 'Rysunki projektowe, specyfikacje podzespołów i części, schematy obwodów ', 60, 4);
INSERT INTO assessment_pattern (id, dossier_module, assessment_subject, department_id, product_status_id) VALUES (228, 'DOKUMENTACJA TECHNICZNA WYROBU MEDYCZNEGO', 'Walidacja procesu wytwarzania', 60, 4);
INSERT INTO assessment_pattern (id, dossier_module, assessment_subject, department_id, product_status_id) VALUES (229, 'DOKUMENTACJA TECHNICZNA WYROBU MEDYCZNEGO', 'Walidacja procesu wytwarzania', 10, 4);
INSERT INTO assessment_pattern (id, dossier_module, assessment_subject, department_id, product_status_id) VALUES (230, 'DOKUMENTACJA TECHNICZNA WYROBU MEDYCZNEGO', 'Wykaz norm zharmonizowanych zastosowanych w całości lub częściowo oraz innych zastosowanych norm i wymagań', 57, 4);
INSERT INTO assessment_pattern (id, dossier_module, assessment_subject, department_id, product_status_id) VALUES (231, 'DOKUMENTACJA TECHNICZNA WYROBU MEDYCZNEGO', 'Wykaz norm zharmonizowanych zastosowanych w całości lub częściowo oraz innych zastosowanych norm i wymagań', 60, 4);
INSERT INTO assessment_pattern (id, dossier_module, assessment_subject, department_id, product_status_id) VALUES (232, 'DOKUMENTACJA TECHNICZNA WYROBU MEDYCZNEGO', 'Wykaz norm zharmonizowanych zastosowanych w całości lub częściowo oraz innych zastosowanych norm i wymagań', 37, 4);
INSERT INTO assessment_pattern (id, dossier_module, assessment_subject, department_id, product_status_id) VALUES (233, 'DOKUMENTACJA TECHNICZNA WYROBU MEDYCZNEGO', 'Wykaz norm zharmonizowanych zastosowanych w całości lub częściowo oraz innych zastosowanych norm i wymagań', 10, 4);
INSERT INTO assessment_pattern (id, dossier_module, assessment_subject, department_id, product_status_id) VALUES (234, 'DOKUMENTACJA TECHNICZNA WYROBU MEDYCZNEGO', 'Opis spełnienia wymagań zasadniczych jeżeli nie oparto ich wyłącznie na normach zharmonizowanych', 57, 4);
INSERT INTO assessment_pattern (id, dossier_module, assessment_subject, department_id, product_status_id) VALUES (235, 'DOKUMENTACJA TECHNICZNA WYROBU MEDYCZNEGO', 'Opis spełnienia wymagań zasadniczych jeżeli nie oparto ich wyłącznie na normach zharmonizowanych', 60, 4);
INSERT INTO assessment_pattern (id, dossier_module, assessment_subject, department_id, product_status_id) VALUES (236, 'DOKUMENTACJA TECHNICZNA WYROBU MEDYCZNEGO', 'Opis spełnienia wymagań zasadniczych jeżeli nie oparto ich wyłącznie na normach zharmonizowanych', 37, 4);
INSERT INTO assessment_pattern (id, dossier_module, assessment_subject, department_id, product_status_id) VALUES (237, 'DOKUMENTACJA TECHNICZNA WYROBU MEDYCZNEGO', 'Opis spełnienia wymagań zasadniczych jeżeli nie oparto ich wyłącznie na normach zharmonizowanych', 10, 4);
INSERT INTO assessment_pattern (id, dossier_module, assessment_subject, department_id, product_status_id) VALUES (238, 'DOKUMENTACJA TECHNICZNA WYROBU MEDYCZNEGO', 'Badanie surowców i materiałów w tym: wyniki badań surowców stosowanych do wytwarzania wyrobu medycznego, atesty i certyfikaty materiałowe, świadectwa jakości oraz charakterystyka materiałów i surowców', 57, 4);
INSERT INTO assessment_pattern (id, dossier_module, assessment_subject, department_id, product_status_id) VALUES (239, 'DOKUMENTACJA TECHNICZNA WYROBU MEDYCZNEGO', 'Badanie surowców i materiałów w tym: wyniki badań surowców stosowanych do wytwarzania wyrobu medycznego, atesty i certyfikaty materiałowe, świadectwa jakości oraz charakterystyka materiałów i surowców', 60, 4);
INSERT INTO assessment_pattern (id, dossier_module, assessment_subject, department_id, product_status_id) VALUES (240, 'DOKUMENTACJA TECHNICZNA WYROBU MEDYCZNEGO', 'Raporty z badań z laboratoriów akredytowanych  na zgodność z wymaganiami norm zharmonizowanych', 57, 4);
INSERT INTO assessment_pattern (id, dossier_module, assessment_subject, department_id, product_status_id) VALUES (241, 'DOKUMENTACJA TECHNICZNA WYROBU MEDYCZNEGO', 'Deklaracja zgodności WE wyrobu medycznego ', 37, 4);
INSERT INTO assessment_pattern (id, dossier_module, assessment_subject, department_id, product_status_id) VALUES (242, 'DOKUMENTACJA TECHNICZNA WYROBU MEDYCZNEGO', 'Zarządzanie ryzykiem i analiza ryzyka w tym: Sprawozdanie z analizy ryzyka na zgodność z PN-EN ISO 14971', 60, 4);
INSERT INTO assessment_pattern (id, dossier_module, assessment_subject, department_id, product_status_id) VALUES (243, 'DOKUMENTACJA TECHNICZNA WYROBU MEDYCZNEGO', 'Ocena biokompatybilności wyrobu medycznego zgodnie z PN-EN ISO 10993-1', 37, 4);
INSERT INTO assessment_pattern (id, dossier_module, assessment_subject, department_id, product_status_id) VALUES (244, 'DOKUMENTACJA TECHNICZNA WYROBU MEDYCZNEGO', 'Ocena użyteczności wyrobu zgodnie z PN-EN 62366 (jeśli dotyczy)', 60, 4);
INSERT INTO assessment_pattern (id, dossier_module, assessment_subject, department_id, product_status_id) VALUES (245, 'DOKUMENTACJA TECHNICZNA WYROBU MEDYCZNEGO', 'Walidacja metod pomiarowych dla wyrobów z funkcją pomiarową (jeśli dotyczy)', 57, 4);
INSERT INTO assessment_pattern (id, dossier_module, assessment_subject, department_id, product_status_id) VALUES (246, 'DOKUMENTACJA TECHNICZNA WYROBU MEDYCZNEGO', 'Ocena przedkliniczna ', 37, 4);
INSERT INTO assessment_pattern (id, dossier_module, assessment_subject, department_id, product_status_id) VALUES (247, 'DOKUMENTACJA TECHNICZNA WYROBU MEDYCZNEGO', 'Ocena kliniczna (wg Rozporządzenia Ministra Zdrowia z dnia 10-03-2011 r. w sprawie szczegółowych warunków, jakim powinna odpowiadać ocena kliniczna wyrobów medycznych lub aktywnych wyrobów do implantacji – Dz. U. 2011, Nr 63, poz. 331) ', 37, 4);
INSERT INTO assessment_pattern (id, dossier_module, assessment_subject, department_id, product_status_id) VALUES (248, 'DOKUMENTACJA TECHNICZNA WYROBU MEDYCZNEGO', 'Projekt oznakowania (etykieta), opakowania ', 37, 4);
INSERT INTO assessment_pattern (id, dossier_module, assessment_subject, department_id, product_status_id) VALUES (249, 'DOKUMENTACJA TECHNICZNA WYROBU MEDYCZNEGO', 'Instrukcja używania wyrobu medycznego ', 37, 4);
INSERT INTO assessment_pattern (id, dossier_module, assessment_subject, department_id, product_status_id) VALUES (250, 'DOKUMENTACJA TECHNICZNA WYROBU MEDYCZNEGO', 'Broszury, foldery, prezentacje i inne materiały promocyjne o wyrobach medycznych autorstwa wnioskodawcy ', 27, 4);
INSERT INTO assessment_pattern (id, dossier_module, assessment_subject, department_id, product_status_id) VALUES (251, 'DOKUMENTACJA TECHNICZNA WYROBU MEDYCZNEGO', 'Badania stabilności – raport z badań (jeśli dotyczy)', 57, 4);
INSERT INTO assessment_pattern (id, dossier_module, assessment_subject, department_id, product_status_id) VALUES (252, 'DOKUMENTACJA TECHNICZNA WYROBU MEDYCZNEGO', 'Lista wszystkich dostawców i podwykonawców, z zaznaczeniem kluczowych dostawców i podwykonawców o znaczeniu krytycznym, certyfikaty dostawców/podwykonawców (jeśli dotyczy)', 60, 4);
INSERT INTO assessment_pattern (id, dossier_module, assessment_subject, department_id, product_status_id) VALUES (253, 'DOKUMENTACJA TECHNICZNA WYROBU MEDYCZNEGO', 'Lista wszystkich dostawców i podwykonawców, z zaznaczeniem kluczowych dostawców i podwykonawców o znaczeniu krytycznym, certyfikaty dostawców/podwykonawców (jeśli dotyczy)', 10, 4);
INSERT INTO assessment_pattern (id, dossier_module, assessment_subject, department_id, product_status_id) VALUES (254, 'DOKUMENTACJA SYSTEMU ZARZĄDZANIA JAKOŚCIĄ WYTWÓRCY', 'Księga jakości + polityka i cele jakości ', 10, 4);
INSERT INTO assessment_pattern (id, dossier_module, assessment_subject, department_id, product_status_id) VALUES (255, 'DOKUMENTACJA SYSTEMU ZARZĄDZANIA JAKOŚCIĄ WYTWÓRCY', 'Schemat organizacyjny oraz odpowiedzialności i kompetencje personelu kierowniczego', 10, 4);
INSERT INTO assessment_pattern (id, dossier_module, assessment_subject, department_id, product_status_id) VALUES (256, 'DOKUMENTACJA SYSTEMU ZARZĄDZANIA JAKOŚCIĄ WYTWÓRCY', 'Procedura nadzoru nad dokumentami i zapisami ', 10, 4);
INSERT INTO assessment_pattern (id, dossier_module, assessment_subject, department_id, product_status_id) VALUES (257, 'DOKUMENTACJA SYSTEMU ZARZĄDZANIA JAKOŚCIĄ WYTWÓRCY', 'Procedura zarządzania ryzykiem ', 10, 4);
INSERT INTO assessment_pattern (id, dossier_module, assessment_subject, department_id, product_status_id) VALUES (258, 'DOKUMENTACJA SYSTEMU ZARZĄDZANIA JAKOŚCIĄ WYTWÓRCY', 'Procedura projektowania ', 10, 4);
INSERT INTO assessment_pattern (id, dossier_module, assessment_subject, department_id, product_status_id) VALUES (259, 'DOKUMENTACJA SYSTEMU ZARZĄDZANIA JAKOŚCIĄ WYTWÓRCY', 'Procedura zakupów i nadzorowania podwykonawców', 10, 4);
INSERT INTO assessment_pattern (id, dossier_module, assessment_subject, department_id, product_status_id) VALUES (260, 'DOKUMENTACJA SYSTEMU ZARZĄDZANIA JAKOŚCIĄ WYTWÓRCY', 'Procedura nadzorowania wyrobu niezgodnego', 10, 4);
INSERT INTO assessment_pattern (id, dossier_module, assessment_subject, department_id, product_status_id) VALUES (261, 'DOKUMENTACJA SYSTEMU ZARZĄDZANIA JAKOŚCIĄ WYTWÓRCY', 'Procedura działań korygujących i zapobiegawczych ', 10, 4);
INSERT INTO assessment_pattern (id, dossier_module, assessment_subject, department_id, product_status_id) VALUES (262, 'DOKUMENTACJA SYSTEMU ZARZĄDZANIA JAKOŚCIĄ WYTWÓRCY', 'Procedury serwisowania (jeśli dotyczy) ', 10, 4);
INSERT INTO assessment_pattern (id, dossier_module, assessment_subject, department_id, product_status_id) VALUES (263, 'DOKUMENTACJA SYSTEMU ZARZĄDZANIA JAKOŚCIĄ WYTWÓRCY', 'Procedura sterylizacji (jeśli dotyczy)', 10, 4);
INSERT INTO assessment_pattern (id, dossier_module, assessment_subject, department_id, product_status_id) VALUES (264, 'DOKUMENTACJA SYSTEMU ZARZĄDZANIA JAKOŚCIĄ WYTWÓRCY', 'Procedura identyfikacji i identyfikowalności wyrobu medycznego ', 10, 4);
INSERT INTO assessment_pattern (id, dossier_module, assessment_subject, department_id, product_status_id) VALUES (265, 'DOKUMENTACJA SYSTEMU ZARZĄDZANIA JAKOŚCIĄ WYTWÓRCY', 'Procedura zabezpieczania wyrobu ', 10, 4);
INSERT INTO assessment_pattern (id, dossier_module, assessment_subject, department_id, product_status_id) VALUES (266, 'DOKUMENTACJA SYSTEMU ZARZĄDZANIA JAKOŚCIĄ WYTWÓRCY', 'Procedura nadzoru nad wyposażeniem do pomiarów', 10, 4);
INSERT INTO assessment_pattern (id, dossier_module, assessment_subject, department_id, product_status_id) VALUES (267, 'DOKUMENTACJA SYSTEMU ZARZĄDZANIA JAKOŚCIĄ WYTWÓRCY', 'Procedura pozyskiwania informacji zwrotnych o wyrobie od użytkowników (analiza danych)', 10, 4);
INSERT INTO assessment_pattern (id, dossier_module, assessment_subject, department_id, product_status_id) VALUES (268, 'DOKUMENTACJA SYSTEMU ZARZĄDZANIA JAKOŚCIĄ WYTWÓRCY', 'Procedura badania w trakcie wytwarzania i/lub badania końcowego wyrobu medycznego', 10, 4);
INSERT INTO assessment_pattern (id, dossier_module, assessment_subject, department_id, product_status_id) VALUES (269, 'DOKUMENTACJA SYSTEMU ZARZĄDZANIA JAKOŚCIĄ WYTWÓRCY', 'Procedura auditów wewnętrznych', 10, 4);
INSERT INTO assessment_pattern (id, dossier_module, assessment_subject, department_id, product_status_id) VALUES (270, 'DOKUMENTACJA SYSTEMU ZARZĄDZANIA JAKOŚCIĄ WYTWÓRCY', 'Procedura pomiarów wyrobu ', 10, 4);
INSERT INTO assessment_pattern (id, dossier_module, assessment_subject, department_id, product_status_id) VALUES (271, 'DOKUMENTACJA SYSTEMU ZARZĄDZANIA JAKOŚCIĄ WYTWÓRCY', 'Procedura wydawania i wdrażania notatek doradczych ', 10, 4);
INSERT INTO assessment_pattern (id, dossier_module, assessment_subject, department_id, product_status_id) VALUES (272, 'DOKUMENTACJA SYSTEMU ZARZĄDZANIA JAKOŚCIĄ WYTWÓRCY', 'Procedura postępowania w przypadku wystąpienia incydentów medycznych', 10, 4);
INSERT INTO assessment_pattern (id, dossier_module, assessment_subject, department_id, product_status_id) VALUES (273, 'DOKUMENTACJA SYSTEMU ZARZĄDZANIA JAKOŚCIĄ WYTWÓRCY', 'Procedura systematycznego przeglądu doświadczeń uzyskanych po wprowadzeniu wyrobu medycznego do obrotu', 10, 4);
INSERT INTO assessment_pattern (id, dossier_module, assessment_subject, department_id, product_status_id) VALUES (274, NULL, 'reklamacje produktu', 11, 4);
INSERT INTO assessment_pattern (id, dossier_module, assessment_subject, department_id, product_status_id) VALUES (275, NULL, 'produkcja', 36, 4);
INSERT INTO assessment_pattern (id, dossier_module, assessment_subject, department_id, product_status_id) VALUES (276, NULL, 'pakowanie', 36, 4);
INSERT INTO assessment_pattern (id, dossier_module, assessment_subject, department_id, product_status_id) VALUES (277, NULL, 'dostepność materiałów wyjściowych i opakowaniowych możliwość realizacji zamówień', 39, 4);
INSERT INTO assessment_pattern (id, dossier_module, assessment_subject, department_id, product_status_id) VALUES (278, NULL, 'uwagi ogólne do produktu audyty u wytwórców API', 78, 4);
INSERT INTO assessment_pattern (id, dossier_module, assessment_subject, department_id, product_status_id) VALUES (279, 'DOKUMENTACJA TECHNICZNA WYROBU MEDYCZNEGO', 'Zarządzanie ryzykiem i analiza ryzyka w tym: Sprawozdanie z analizy ryzyka na zgodność z PN-EN ISO 14971', 37, 2);
INSERT INTO assessment_pattern (id, dossier_module, assessment_subject, department_id, product_status_id) VALUES (280, 'DOKUMENTACJA TECHNICZNA WYROBU MEDYCZNEGO', 'Zarządzanie ryzykiem i analiza ryzyka w tym: Sprawozdanie z analizy ryzyka na zgodność z PN-EN ISO 14971', 10, 2);
INSERT INTO assessment_pattern (id, dossier_module, assessment_subject, department_id, product_status_id) VALUES (281, 'DOKUMENTACJA TECHNICZNA WYROBU MEDYCZNEGO', 'Zarządzanie ryzykiem i analiza ryzyka w tym: Sprawozdanie z analizy ryzyka na zgodność z PN-EN ISO 14971', 38, 2);
INSERT INTO assessment_pattern (id, dossier_module, assessment_subject, department_id, product_status_id) VALUES (282, 'DOKUMENTACJA TECHNICZNA WYROBU MEDYCZNEGO', 'Zarządzanie ryzykiem i analiza ryzyka w tym: Sprawozdanie z analizy ryzyka na zgodność z PN-EN ISO 14971', 37, 3);
INSERT INTO assessment_pattern (id, dossier_module, assessment_subject, department_id, product_status_id) VALUES (283, 'DOKUMENTACJA TECHNICZNA WYROBU MEDYCZNEGO', 'Zarządzanie ryzykiem i analiza ryzyka w tym: Sprawozdanie z analizy ryzyka na zgodność z PN-EN ISO 14971', 10, 3);
INSERT INTO assessment_pattern (id, dossier_module, assessment_subject, department_id, product_status_id) VALUES (284, 'DOKUMENTACJA TECHNICZNA WYROBU MEDYCZNEGO', 'Zarządzanie ryzykiem i analiza ryzyka w tym: Sprawozdanie z analizy ryzyka na zgodność z PN-EN ISO 14971', 38, 3);
INSERT INTO assessment_pattern (id, dossier_module, assessment_subject, department_id, product_status_id) VALUES (285, 'DOKUMENTACJA TECHNICZNA WYROBU MEDYCZNEGO', 'Zarządzanie ryzykiem i analiza ryzyka w tym: Sprawozdanie z analizy ryzyka na zgodność z PN-EN ISO 14971', 37, 4);
INSERT INTO assessment_pattern (id, dossier_module, assessment_subject, department_id, product_status_id) VALUES (286, 'DOKUMENTACJA TECHNICZNA WYROBU MEDYCZNEGO', 'Zarządzanie ryzykiem i analiza ryzyka w tym: Sprawozdanie z analizy ryzyka na zgodność z PN-EN ISO 14971', 10, 4);
INSERT INTO assessment_pattern (id, dossier_module, assessment_subject, department_id, product_status_id) VALUES (287, 'DOKUMENTACJA TECHNICZNA WYROBU MEDYCZNEGO', 'Zarządzanie ryzykiem i analiza ryzyka w tym: Sprawozdanie z analizy ryzyka na zgodność z PN-EN ISO 14971', 38, 4);

INSERT INTO department_assessment (id, assessment_description, assessment_pattern_id, other_assessment_subject, other_subject_department_id, assessment_id, criticality_scale, assessment_date, author_id) VALUES (1 ,NULL ,2 ,NULL ,NULL ,1 ,NULL ,NULL, NULL);
INSERT INTO department_assessment (id, assessment_description, assessment_pattern_id, other_assessment_subject, other_subject_department_id, assessment_id, criticality_scale, assessment_date, author_id) VALUES (2 ,NULL ,5 ,NULL ,NULL ,1 ,NULL ,NULL, NULL);
INSERT INTO department_assessment (id, assessment_description, assessment_pattern_id, other_assessment_subject, other_subject_department_id, assessment_id, criticality_scale, assessment_date, author_id) VALUES (3 ,NULL ,7 ,NULL ,NULL ,1 ,NULL ,NULL, NULL);
INSERT INTO department_assessment (id, assessment_description, assessment_pattern_id, other_assessment_subject, other_subject_department_id, assessment_id, criticality_scale, assessment_date, author_id) VALUES (4 ,NULL ,9 ,NULL ,NULL ,1 ,NULL ,NULL, NULL);
INSERT INTO department_assessment (id, assessment_description, assessment_pattern_id, other_assessment_subject, other_subject_department_id, assessment_id, criticality_scale, assessment_date, author_id) VALUES (5 ,'Coś tam nowego i ciekawego' ,19 ,NULL ,NULL ,1 ,'Important' ,'2018-02-15', 1);
INSERT INTO department_assessment (id, assessment_description, assessment_pattern_id, other_assessment_subject, other_subject_department_id, assessment_id, criticality_scale, assessment_date, author_id) VALUES (6 ,NULL ,22 ,NULL ,NULL ,1 ,NULL ,NULL, NULL);
INSERT INTO department_assessment (id, assessment_description, assessment_pattern_id, other_assessment_subject, other_subject_department_id, assessment_id, criticality_scale, assessment_date, author_id) VALUES (7 ,'Nie wiem sam ale chyba coś' ,23 ,NULL ,NULL ,1 ,'Observation' ,'2018-03-01', 3);
INSERT INTO department_assessment (id, assessment_description, assessment_pattern_id, other_assessment_subject, other_subject_department_id, assessment_id, criticality_scale, assessment_date, author_id) VALUES (8 ,NULL ,27 ,NULL ,NULL ,1 ,NULL ,NULL, NULL);
INSERT INTO department_assessment (id, assessment_description, assessment_pattern_id, other_assessment_subject, other_subject_department_id, assessment_id, criticality_scale, assessment_date, author_id) VALUES (9 ,NULL ,31 ,NULL ,NULL ,1 ,NULL ,NULL, NULL);
INSERT INTO department_assessment (id, assessment_description, assessment_pattern_id, other_assessment_subject, other_subject_department_id, assessment_id, criticality_scale, assessment_date, author_id) VALUES (10 ,'Testowy tekst, nie wiem czy dobry. Ale musi być dobry. Bo nic innego na razie nie mam.' ,33 ,NULL ,NULL ,1 ,'Observation' ,'2018-02-20', 2);
INSERT INTO department_assessment (id, assessment_description, assessment_pattern_id, other_assessment_subject, other_subject_department_id, assessment_id, criticality_scale, assessment_date, author_id) VALUES (11 ,NULL ,34 ,NULL ,NULL ,1 ,NULL ,NULL, NULL);
INSERT INTO department_assessment (id, assessment_description, assessment_pattern_id, other_assessment_subject, other_subject_department_id, assessment_id, criticality_scale, assessment_date, author_id) VALUES (12 ,'Nie wiem czy do dobrego punktu ale może trzeba przprewadzić walidację metod.' ,38 ,NULL ,NULL ,1 ,'Critical' ,'2018-02-24', 5);
INSERT INTO department_assessment (id, assessment_description, assessment_pattern_id, other_assessment_subject, other_subject_department_id, assessment_id, criticality_scale, assessment_date, author_id) VALUES (13 ,NULL ,40 ,NULL ,NULL ,1 ,NULL ,NULL, NULL);
INSERT INTO department_assessment (id, assessment_description, assessment_pattern_id, other_assessment_subject, other_subject_department_id, assessment_id, criticality_scale, assessment_date, author_id) VALUES (14 ,'Będzie bardzo dużo do zrobienia.' ,45 ,NULL ,NULL ,1 ,'Important' ,'2018-02-17', 4);
INSERT INTO department_assessment (id, assessment_description, assessment_pattern_id, other_assessment_subject, other_subject_department_id, assessment_id, criticality_scale, assessment_date, author_id) VALUES (15 ,NULL ,50 ,NULL ,NULL ,1 ,NULL ,NULL, NULL);
INSERT INTO department_assessment (id, assessment_description, assessment_pattern_id, other_assessment_subject, other_subject_department_id, assessment_id, criticality_scale, assessment_date, author_id) VALUES (16 ,NULL ,51 ,NULL ,NULL ,1 ,NULL ,NULL, NULL);
INSERT INTO department_assessment (id, assessment_description, assessment_pattern_id, other_assessment_subject, other_subject_department_id, assessment_id, criticality_scale, assessment_date, author_id) VALUES (17 ,NULL ,60 ,NULL ,NULL ,1 ,NULL ,NULL, NULL);
INSERT INTO department_assessment (id, assessment_description, assessment_pattern_id, other_assessment_subject, other_subject_department_id, assessment_id, criticality_scale, assessment_date, author_id) VALUES (18 ,NULL ,75 ,NULL ,NULL ,1 ,NULL ,NULL, NULL);
INSERT INTO department_assessment (id, assessment_description, assessment_pattern_id, other_assessment_subject, other_subject_department_id, assessment_id, criticality_scale, assessment_date, author_id) VALUES (19 ,'3 serie po 2 kg' ,NULL ,'Mieszanki walidacyjne' ,61 ,1 ,'Important' ,'2018-03-03', 3);
INSERT INTO department_assessment (id, assessment_description, assessment_pattern_id, other_assessment_subject, other_subject_department_id, assessment_id, criticality_scale, assessment_date, author_id) VALUES (20 ,NULL ,NULL ,'Umowy - producenci API' ,60 ,1 ,NULL ,NULL, NULL);
INSERT INTO department_assessment (id, assessment_description, assessment_pattern_id, other_assessment_subject, other_subject_department_id, assessment_id, criticality_scale, assessment_date, author_id) VALUES (21 ,NULL ,NULL ,'Aktualizacja dokumentu' ,37 ,1 ,NULL ,NULL, NULL);

INSERT INTO assessment_costmh (id, cost, currency, cost_subject, mh, mh_subject, department_assessment_id) VALUES (1 ,145.66 ,'EUR' ,"Nowy odczynnik" ,0 ,NULL ,12);
INSERT INTO assessment_costmh (id, cost, currency, cost_subject, mh, mh_subject, department_assessment_id) VALUES (2 ,5000.02 ,'USD' ,"Kolumna HPLC",0 ,NULL ,12);
INSERT INTO assessment_costmh (id, cost, currency, cost_subject, mh, mh_subject, department_assessment_id) VALUES (3 ,11.11 ,'CHF' ,"Zeszyt w kratkę", 0, NULL, 12);
INSERT INTO assessment_costmh (id, cost, currency, cost_subject, mh, mh_subject, department_assessment_id) VALUES (4 ,0 ,NULL ,NULL ,55 ,"analizy małe i duże" , 12);
INSERT INTO assessment_costmh (id, cost, currency, cost_subject, mh, mh_subject, department_assessment_id) VALUES (5 ,0 ,NULL ,NULL ,123 ,"przeczytanie czegoś i wydanie opini" ,12);
INSERT INTO assessment_costmh (id, cost, currency, cost_subject, mh, mh_subject, department_assessment_id) VALUES (6 ,0 ,NULL ,NULL ,32 ,"rozmowy i spotkania", 12);
INSERT INTO assessment_costmh (id, cost, currency, cost_subject, mh, mh_subject, department_assessment_id) VALUES (7 ,22.22 ,'EUR' ,"Zatyczki do uszu" , 0, NULL, 14);
INSERT INTO assessment_costmh (id, cost, currency, cost_subject, mh, mh_subject, department_assessment_id) VALUES (8 ,0 ,NULL ,NULL ,44 ,"napisanie dwóch maili" , 14);
INSERT INTO assessment_costmh (id, cost, currency, cost_subject, mh, mh_subject, department_assessment_id) VALUES (9 ,0 ,NULL ,NULL ,321 ,"napisanie nowego modułu CTD" , 14);
INSERT INTO assessment_costmh (id, cost, currency, cost_subject, mh, mh_subject, department_assessment_id) VALUES (10 ,333.33 ,'USD',"Inne gadżety" , 0, NULL, 19);
INSERT INTO assessment_costmh (id, cost, currency, cost_subject, mh, mh_subject, department_assessment_id) VALUES (11 ,500.01 ,'PLN',"skrzyneczka na zegarki" , 0, NULL, 19);